[
{
  "model": "categories.categorysubsite",
  "pk": 1,
  "fields": {
    "title": "Subsite name",
    "source": "categories"
  }
},
{
  "model": "categories.category",
  "pk": 1,
  "fields": {
    "sub_site": 1,
    "name": "Category One",
    "slug": "category-one",
    "description": "Category one description",
    "wp_id": 0,
    "source": "root"
  }
},
{
  "model": "categories.category",
  "pk": 2,
  "fields": {
    "sub_site": 1,
    "name": "Category Two",
    "slug": "category-two",
    "description": "category two description",
    "wp_id": 0,
    "source": "root"
  }
},
{
  "model": "categories.publicationtypesubsite",
  "pk": 1,
  "fields": {
    "title": "Subsite name",
    "source": "publication_types"
  }
},
{
  "model": "categories.publicationtype",
  "pk": 1,
  "fields": {
    "sub_site": 1,
    "name": "Publication Type One",
    "slug": "publication-type-one",
    "description": "Publication type one description",
    "wp_id": 0,
    "source": "root"
  }
},
{
  "model": "categories.publicationtype",
  "pk": 2,
  "fields": {
    "sub_site": 1,
    "name": "Publication Type Two",
    "slug": "publication-type-two",
    "description": "Publication type two description",
    "wp_id": 0,
    "source": "root"
  }
},
{
  "model": "categories.setting",
  "pk": 1,
  "fields": {
    "name": "Setting One",
    "slug": "setting-one",
    "description": "Setting one description",
    "wp_id": 0
  }
},
{
  "model": "categories.setting",
  "pk": 2,
  "fields": {
    "name": "Setting Two",
    "slug": "setting-two",
    "description": "Setting two description",
    "wp_id": 0
  }
},
{
  "model": "categories.region",
  "pk": 1,
  "fields": {
    "name": "Region One",
    "slug": "region-one",
    "description": "Region one description",
    "wp_id": 0
  }
},
{
  "model": "categories.region",
  "pk": 2,
  "fields": {
    "name": "Region Two",
    "slug": "region-two",
    "description": "Region two description",
    "wp_id": 0
  }
},
{
  "model": "posts.postcategoryrelationship",
  "pk": 1,
  "fields": {
    "post": 11,
    "category": 1
  }
},
{
  "model": "posts.postcategoryrelationship",
  "pk": 2,
  "fields": {
    "post": 12,
    "category": 1
  }
},
{
  "model": "blogs.blogcategoryrelationship",
  "pk": 1,
  "fields": {
    "blog": 5,
    "category": 1
  }
},
{
  "model": "blogs.blogcategoryrelationship",
  "pk": 2,
  "fields": {
    "blog": 6,
    "category": 2
  }
},
{
  "model": "publications.publicationpublicationtyperelationship",
  "pk": 1,
  "fields": {
    "publication": 14,
    "publication_type": 1
  }
},
{
  "model": "publications.publicationpublicationtyperelationship",
  "pk": 2,
  "fields": {
    "publication": 15,
    "publication_type": 2
  }
},
{
  "model": "publications.publicationcategoryrelationship",
  "pk": 1,
  "fields": {
    "publication": 14,
    "category": 1
  }
},
{
  "model": "publications.publicationcategoryrelationship",
  "pk": 2,
  "fields": {
    "publication": 15,
    "category": 2
  }
},
{
  "model": "atlascasestudies.atlascasestudycategoryrelationship",
  "pk": 1,
  "fields": {
    "atlas_case_study": 9,
    "category": 1
  }
},
{
  "model": "atlascasestudies.atlascasestudysettingrelationship",
  "pk": 1,
  "fields": {
    "atlas_case_study": 9,
    "setting": 1
  }
},
{
  "model": "atlascasestudies.atlascasestudyregionrelationship",
  "pk": 1,
  "fields": {
    "atlas_case_study": 9,
    "region": 1
  }
},
{
  "model": "core.upperfooterlinks",
  "pk": 1,
  "fields": {
    "sort_order": 0,
    "setting": 1,
    "text": "Link Internal",
    "page": 3,
    "external_url": ""
  }
},
{
  "model": "core.upperfooterlinks",
  "pk": 2,
  "fields": {
    "sort_order": 1,
    "setting": 1,
    "text": "Link External",
    "page": null,
    "external_url": "http://www.example.com"
  }
},
{
  "model": "core.lowerfooterlinks",
  "pk": 1,
  "fields": {
    "sort_order": 0,
    "setting": 1,
    "text": "Link Internal",
    "page": 3,
    "external_url": ""
  }
},
{
  "model": "core.lowerfooterlinks",
  "pk": 2,
  "fields": {
    "sort_order": 1,
    "setting": 1,
    "text": "Link External",
    "page": null,
    "external_url": "http://www.example.com"
  }
},
{
  "model": "wagtailcore.site",
  "fields": {
    "hostname": "localhost",
    "port": 80,
    "site_name": "",
    "root_page": 3,
    "is_default_site": true
  }
},
{
  "model": "wagtailcore.collection",
  "pk": 1,
  "fields": {
    "path": "0001",
    "depth": 1,
    "numchild": 0,
    "name": "Root"
  }
},
{
  "model": "wagtailcore.workflowpage",
  "pk": 1,
  "fields": {
    "workflow": 1
  }
},
{
  "model": "wagtailcore.workflowtask",
  "pk": 1,
  "fields": {
    "sort_order": 0,
    "workflow": 1,
    "task": 1
  }
},
{
  "model": "wagtailcore.workflow",
  "pk": 1,
  "fields": {
    "name": "Moderators approval",
    "active": true
  }
},
{
  "model": "wagtailcore.task",
  "pk": 1,
  "fields": {
    "name": "Moderators approval",
    "content_type": [
      "wagtailcore",
      "groupapprovaltask"
    ],
    "active": true
  }
},
{
  "model": "core.coresettings",
  "pk": 1,
  "fields": {
    "site": [
      "localhost",
      80
    ],
    "alert_banner": "<h2>Alert Banner Title</h2><p><a id=\"3\" linktype=\"page\">Alert banner link</a></p><p>Alert banner content</p>",
    "is_visible": true,
    "header_extra": "",
    "footer_extra": ""
  }
},
{
  "model": "auth.group",
  "fields": {
    "name": "Moderators",
    "permissions": [
      [
        "access_admin",
        "wagtailadmin",
        "admin"
      ],
      [
        "add_document",
        "wagtaildocs",
        "document"
      ],
      [
        "change_document",
        "wagtaildocs",
        "document"
      ],
      [
        "delete_document",
        "wagtaildocs",
        "document"
      ],
      [
        "add_image",
        "wagtailimages",
        "image"
      ],
      [
        "change_image",
        "wagtailimages",
        "image"
      ],
      [
        "delete_image",
        "wagtailimages",
        "image"
      ]
    ]
  }
},
{
  "model": "auth.group",
  "fields": {
    "name": "Editors",
    "permissions": [
      [
        "access_admin",
        "wagtailadmin",
        "admin"
      ],
      [
        "add_document",
        "wagtaildocs",
        "document"
      ],
      [
        "change_document",
        "wagtaildocs",
        "document"
      ],
      [
        "delete_document",
        "wagtaildocs",
        "document"
      ],
      [
        "add_image",
        "wagtailimages",
        "image"
      ],
      [
        "change_image",
        "wagtailimages",
        "image"
      ],
      [
        "delete_image",
        "wagtailimages",
        "image"
      ]
    ]
  }
},
{
  "model": "auth.user",
  "fields": {
    "password": "pbkdf2_sha256$216000$lrxNu0P4pjTp$sBNCY+AnUgXcsT94Zg12STCYz4bRJWV+9h5ZYew6Oho=",
    "last_login": "2021-02-08T09:27:46.808Z",
    "is_superuser": true,
    "username": "admin",
    "first_name": "",
    "last_name": "",
    "email": "",
    "is_staff": true,
    "is_active": true,
    "date_joined": "2021-02-04T13:12:49.963Z",
    "groups": [],
    "user_permissions": []
  }
},
{
  "model": "wagtailcore.pagelogentry",
  "pk": 1,
  "fields": {
    "content_type": [
      "home",
      "homepage"
    ],
    "label": "Home",
    "action": "wagtail.edit",
    "data_json": "\"\"",
    "timestamp": "2021-02-04T13:53:03.101Z",
    "user": [
      "admin"
    ],
    "content_changed": true,
    "deleted": false,
    "page": 3,
    "revision": 1
  }
},
{
  "model": "wagtailcore.pagelogentry",
  "pk": 2,
  "fields": {
    "content_type": [
      "home",
      "homepage"
    ],
    "label": "Home",
    "action": "wagtail.edit",
    "data_json": "\"\"",
    "timestamp": "2021-02-04T13:53:16.590Z",
    "user": [
      "admin"
    ],
    "content_changed": true,
    "deleted": false,
    "page": 3,
    "revision": 2
  }
},
{
  "model": "wagtailcore.pagelogentry",
  "pk": 3,
  "fields": {
    "content_type": [
      "home",
      "homepage"
    ],
    "label": "Home",
    "action": "wagtail.publish",
    "data_json": "null",
    "timestamp": "2021-02-04T13:53:16.631Z",
    "user": [
      "admin"
    ],
    "content_changed": false,
    "deleted": false,
    "page": 3,
    "revision": 2
  }
},
{
  "model": "wagtailcore.pagelogentry",
  "pk": 4,
  "fields": {
    "content_type": [
      "home",
      "homepage"
    ],
    "label": "Home",
    "action": "wagtail.edit",
    "data_json": "\"\"",
    "timestamp": "2021-02-04T13:57:21.950Z",
    "user": [
      "admin"
    ],
    "content_changed": true,
    "deleted": false,
    "page": 3,
    "revision": 3
  }
},
{
  "model": "wagtailcore.pagelogentry",
  "pk": 5,
  "fields": {
    "content_type": [
      "home",
      "homepage"
    ],
    "label": "Home",
    "action": "wagtail.publish",
    "data_json": "null",
    "timestamp": "2021-02-04T13:57:21.977Z",
    "user": [
      "admin"
    ],
    "content_changed": true,
    "deleted": false,
    "page": 3,
    "revision": 3
  }
},
{
  "model": "wagtailcore.pagelogentry",
  "pk": 6,
  "fields": {
    "content_type": [
      "home",
      "homepage"
    ],
    "label": "Home",
    "action": "wagtail.edit",
    "data_json": "\"\"",
    "timestamp": "2021-02-04T17:12:53.786Z",
    "user": [
      "admin"
    ],
    "content_changed": true,
    "deleted": false,
    "page": 3,
    "revision": 4
  }
},
{
  "model": "wagtailcore.pagelogentry",
  "pk": 7,
  "fields": {
    "content_type": [
      "home",
      "homepage"
    ],
    "label": "Home",
    "action": "wagtail.publish",
    "data_json": "null",
    "timestamp": "2021-02-04T17:12:53.816Z",
    "user": [
      "admin"
    ],
    "content_changed": true,
    "deleted": false,
    "page": 3,
    "revision": 4
  }
},
{
  "model": "wagtailcore.pagelogentry",
  "pk": 8,
  "fields": {
    "content_type": [
      "home",
      "homepage"
    ],
    "label": "Home",
    "action": "wagtail.edit",
    "data_json": "\"\"",
    "timestamp": "2021-02-04T17:14:09.075Z",
    "user": [
      "admin"
    ],
    "content_changed": true,
    "deleted": false,
    "page": 3,
    "revision": 5
  }
},
{
  "model": "wagtailcore.pagelogentry",
  "pk": 9,
  "fields": {
    "content_type": [
      "home",
      "homepage"
    ],
    "label": "Home",
    "action": "wagtail.publish",
    "data_json": "null",
    "timestamp": "2021-02-04T17:14:09.134Z",
    "user": [
      "admin"
    ],
    "content_changed": true,
    "deleted": false,
    "page": 3,
    "revision": 5
  }
},
{
  "model": "wagtailcore.pagelogentry",
  "pk": 10,
  "fields": {
    "content_type": [
      "blogs",
      "blogindexpage"
    ],
    "label": "Blog Index Page",
    "action": "wagtail.create",
    "data_json": "\"\"",
    "timestamp": "2021-02-04T17:23:10.945Z",
    "user": [
      "admin"
    ],
    "content_changed": true,
    "deleted": false,
    "page": 4,
    "revision": null
  }
},
{
  "model": "wagtailcore.pagelogentry",
  "pk": 11,
  "fields": {
    "content_type": [
      "blogs",
      "blogindexpage"
    ],
    "label": "Blog Index Page",
    "action": "wagtail.publish",
    "data_json": "null",
    "timestamp": "2021-02-04T17:23:11.036Z",
    "user": [
      "admin"
    ],
    "content_changed": true,
    "deleted": false,
    "page": 4,
    "revision": 6
  }
},
{
  "model": "wagtailcore.pagelogentry",
  "pk": 12,
  "fields": {
    "content_type": [
      "blogs",
      "blog"
    ],
    "label": "Blog Post One",
    "action": "wagtail.create",
    "data_json": "\"\"",
    "timestamp": "2021-02-04T17:25:17.923Z",
    "user": [
      "admin"
    ],
    "content_changed": true,
    "deleted": false,
    "page": 5,
    "revision": null
  }
},
{
  "model": "wagtailcore.pagelogentry",
  "pk": 13,
  "fields": {
    "content_type": [
      "blogs",
      "blog"
    ],
    "label": "Blog Post One",
    "action": "wagtail.publish",
    "data_json": "null",
    "timestamp": "2021-02-04T17:25:18.021Z",
    "user": [
      "admin"
    ],
    "content_changed": true,
    "deleted": false,
    "page": 5,
    "revision": 7
  }
},
{
  "model": "wagtailcore.pagelogentry",
  "pk": 14,
  "fields": {
    "content_type": [
      "blogs",
      "blog"
    ],
    "label": "Blog Post One",
    "action": "wagtail.edit",
    "data_json": "\"\"",
    "timestamp": "2021-02-04T17:26:07.181Z",
    "user": [
      "admin"
    ],
    "content_changed": true,
    "deleted": false,
    "page": 5,
    "revision": 8
  }
},
{
  "model": "wagtailcore.pagelogentry",
  "pk": 15,
  "fields": {
    "content_type": [
      "blogs",
      "blog"
    ],
    "label": "Blog Post One",
    "action": "wagtail.publish",
    "data_json": "null",
    "timestamp": "2021-02-04T17:26:07.215Z",
    "user": [
      "admin"
    ],
    "content_changed": false,
    "deleted": false,
    "page": 5,
    "revision": 8
  }
},
{
  "model": "wagtailcore.pagelogentry",
  "pk": 16,
  "fields": {
    "content_type": [
      "blogs",
      "blog"
    ],
    "label": "Blog Post Two",
    "action": "wagtail.create",
    "data_json": "\"\"",
    "timestamp": "2021-02-04T17:26:56.382Z",
    "user": [
      "admin"
    ],
    "content_changed": true,
    "deleted": false,
    "page": 6,
    "revision": null
  }
},
{
  "model": "wagtailcore.pagelogentry",
  "pk": 17,
  "fields": {
    "content_type": [
      "blogs",
      "blog"
    ],
    "label": "Blog Post Two",
    "action": "wagtail.publish",
    "data_json": "null",
    "timestamp": "2021-02-04T17:26:56.466Z",
    "user": [
      "admin"
    ],
    "content_changed": true,
    "deleted": false,
    "page": 6,
    "revision": 9
  }
},
{
  "model": "wagtailcore.pagelogentry",
  "pk": 18,
  "fields": {
    "content_type": [
      "blogs",
      "blog"
    ],
    "label": "Donec sed odio dui.",
    "action": "wagtail.create",
    "data_json": "\"\"",
    "timestamp": "2021-02-04T17:29:14.824Z",
    "user": [
      "admin"
    ],
    "content_changed": true,
    "deleted": false,
    "page": 7,
    "revision": null
  }
},
{
  "model": "wagtailcore.pagelogentry",
  "pk": 19,
  "fields": {
    "content_type": [
      "blogs",
      "blog"
    ],
    "label": "Donec sed odio dui.",
    "action": "wagtail.edit",
    "data_json": "\"\"",
    "timestamp": "2021-02-04T17:29:18.386Z",
    "user": [
      "admin"
    ],
    "content_changed": true,
    "deleted": false,
    "page": 7,
    "revision": 11
  }
},
{
  "model": "wagtailcore.pagelogentry",
  "pk": 20,
  "fields": {
    "content_type": [
      "blogs",
      "blog"
    ],
    "label": "Donec sed odio dui.",
    "action": "wagtail.publish",
    "data_json": "null",
    "timestamp": "2021-02-04T17:29:18.454Z",
    "user": [
      "admin"
    ],
    "content_changed": false,
    "deleted": false,
    "page": 7,
    "revision": 11
  }
},
{
  "model": "wagtailcore.pagelogentry",
  "pk": 21,
  "fields": {
    "content_type": [
      "blogs",
      "blog"
    ],
    "label": "Donec sed odio dui.",
    "action": "wagtail.delete",
    "data_json": "\"\"",
    "timestamp": "2021-02-04T17:30:05.316Z",
    "user": [
      "admin"
    ],
    "content_changed": false,
    "deleted": true,
    "page": 7,
    "revision": null
  }
},
{
  "model": "wagtailcore.pagelogentry",
  "pk": 22,
  "fields": {
    "content_type": [
      "atlascasestudies",
      "atlascasestudyindexpage"
    ],
    "label": "Atlas Case Studies Index Page",
    "action": "wagtail.create",
    "data_json": "\"\"",
    "timestamp": "2021-02-04T17:31:45.845Z",
    "user": [
      "admin"
    ],
    "content_changed": true,
    "deleted": false,
    "page": 8,
    "revision": null
  }
},
{
  "model": "wagtailcore.pagelogentry",
  "pk": 23,
  "fields": {
    "content_type": [
      "atlascasestudies",
      "atlascasestudyindexpage"
    ],
    "label": "Atlas Case Studies Index Page",
    "action": "wagtail.publish",
    "data_json": "null",
    "timestamp": "2021-02-04T17:31:45.901Z",
    "user": [
      "admin"
    ],
    "content_changed": true,
    "deleted": false,
    "page": 8,
    "revision": 12
  }
},
{
  "model": "wagtailcore.pagelogentry",
  "pk": 24,
  "fields": {
    "content_type": [
      "atlascasestudies",
      "atlascasestudy"
    ],
    "label": "Atlas Case Study One",
    "action": "wagtail.create",
    "data_json": "\"\"",
    "timestamp": "2021-02-04T17:32:41.924Z",
    "user": [
      "admin"
    ],
    "content_changed": true,
    "deleted": false,
    "page": 9,
    "revision": null
  }
},
{
  "model": "wagtailcore.pagelogentry",
  "pk": 25,
  "fields": {
    "content_type": [
      "atlascasestudies",
      "atlascasestudy"
    ],
    "label": "Atlas Case Study One",
    "action": "wagtail.publish",
    "data_json": "null",
    "timestamp": "2021-02-04T17:32:42.008Z",
    "user": [
      "admin"
    ],
    "content_changed": true,
    "deleted": false,
    "page": 9,
    "revision": 13
  }
},
{
  "model": "wagtailcore.pagelogentry",
  "pk": 26,
  "fields": {
    "content_type": [
      "atlascasestudies",
      "atlascasestudy"
    ],
    "label": "Atlas Case Study One",
    "action": "wagtail.edit",
    "data_json": "\"\"",
    "timestamp": "2021-02-04T17:40:16.717Z",
    "user": [
      "admin"
    ],
    "content_changed": true,
    "deleted": false,
    "page": 9,
    "revision": 14
  }
},
{
  "model": "wagtailcore.pagelogentry",
  "pk": 27,
  "fields": {
    "content_type": [
      "atlascasestudies",
      "atlascasestudy"
    ],
    "label": "Atlas Case Study One",
    "action": "wagtail.publish",
    "data_json": "null",
    "timestamp": "2021-02-04T17:40:16.760Z",
    "user": [
      "admin"
    ],
    "content_changed": false,
    "deleted": false,
    "page": 9,
    "revision": 14
  }
},
{
  "model": "wagtailcore.pagelogentry",
  "pk": 28,
  "fields": {
    "content_type": [
      "posts",
      "postindexpage"
    ],
    "label": "Post Index Page",
    "action": "wagtail.create",
    "data_json": "\"\"",
    "timestamp": "2021-02-04T17:43:27.915Z",
    "user": [
      "admin"
    ],
    "content_changed": true,
    "deleted": false,
    "page": 10,
    "revision": null
  }
},
{
  "model": "wagtailcore.pagelogentry",
  "pk": 29,
  "fields": {
    "content_type": [
      "posts",
      "postindexpage"
    ],
    "label": "Post Index Page",
    "action": "wagtail.publish",
    "data_json": "null",
    "timestamp": "2021-02-04T17:43:27.971Z",
    "user": [
      "admin"
    ],
    "content_changed": true,
    "deleted": false,
    "page": 10,
    "revision": 15
  }
},
{
  "model": "wagtailcore.pagelogentry",
  "pk": 30,
  "fields": {
    "content_type": [
      "posts",
      "post"
    ],
    "label": "Post One",
    "action": "wagtail.create",
    "data_json": "\"\"",
    "timestamp": "2021-02-04T17:44:09.087Z",
    "user": [
      "admin"
    ],
    "content_changed": true,
    "deleted": false,
    "page": 11,
    "revision": null
  }
},
{
  "model": "wagtailcore.pagelogentry",
  "pk": 31,
  "fields": {
    "content_type": [
      "posts",
      "post"
    ],
    "label": "Post One",
    "action": "wagtail.publish",
    "data_json": "null",
    "timestamp": "2021-02-04T17:44:09.146Z",
    "user": [
      "admin"
    ],
    "content_changed": true,
    "deleted": false,
    "page": 11,
    "revision": 16
  }
},
{
  "model": "wagtailcore.pagelogentry",
  "pk": 32,
  "fields": {
    "content_type": [
      "posts",
      "post"
    ],
    "label": "Post One",
    "action": "wagtail.create",
    "data_json": "\"\"",
    "timestamp": "2021-02-04T17:45:05.241Z",
    "user": [
      "admin"
    ],
    "content_changed": true,
    "deleted": false,
    "page": 12,
    "revision": null
  }
},
{
  "model": "wagtailcore.pagelogentry",
  "pk": 33,
  "fields": {
    "content_type": [
      "posts",
      "post"
    ],
    "label": "Post Two",
    "action": "wagtail.copy",
    "data_json": "{\"page\": {\"id\": 12, \"title\": \"Post Two\"}, \"source\": {\"id\": 10, \"title\": \"Post Index Page\"}, \"destination\": {\"id\": 10, \"title\": \"Post Index Page\"}, \"keep_live\": true}",
    "timestamp": "2021-02-04T17:45:05.287Z",
    "user": [
      "admin"
    ],
    "content_changed": false,
    "deleted": false,
    "page": 12,
    "revision": null
  }
},
{
  "model": "wagtailcore.pagelogentry",
  "pk": 34,
  "fields": {
    "content_type": [
      "posts",
      "post"
    ],
    "label": "Post Two",
    "action": "wagtail.publish",
    "data_json": "\"\"",
    "timestamp": "2021-02-04T17:45:05.289Z",
    "user": [
      "admin"
    ],
    "content_changed": false,
    "deleted": false,
    "page": 12,
    "revision": 18
  }
},
{
  "model": "wagtailcore.pagelogentry",
  "pk": 35,
  "fields": {
    "content_type": [
      "publications",
      "publicationindexpage"
    ],
    "label": "Publications Index Page",
    "action": "wagtail.create",
    "data_json": "\"\"",
    "timestamp": "2021-02-04T17:47:09.145Z",
    "user": [
      "admin"
    ],
    "content_changed": true,
    "deleted": false,
    "page": 13,
    "revision": null
  }
},
{
  "model": "wagtailcore.pagelogentry",
  "pk": 36,
  "fields": {
    "content_type": [
      "publications",
      "publicationindexpage"
    ],
    "label": "Publications Index Page",
    "action": "wagtail.publish",
    "data_json": "null",
    "timestamp": "2021-02-04T17:47:09.198Z",
    "user": [
      "admin"
    ],
    "content_changed": true,
    "deleted": false,
    "page": 13,
    "revision": 19
  }
},
{
  "model": "wagtailcore.pagelogentry",
  "pk": 37,
  "fields": {
    "content_type": [
      "publications",
      "publication"
    ],
    "label": "Publication One",
    "action": "wagtail.create",
    "data_json": "\"\"",
    "timestamp": "2021-02-04T17:49:10.763Z",
    "user": [
      "admin"
    ],
    "content_changed": true,
    "deleted": false,
    "page": 14,
    "revision": null
  }
},
{
  "model": "wagtailcore.pagelogentry",
  "pk": 38,
  "fields": {
    "content_type": [
      "publications",
      "publication"
    ],
    "label": "Publication One",
    "action": "wagtail.publish",
    "data_json": "null",
    "timestamp": "2021-02-04T17:49:10.828Z",
    "user": [
      "admin"
    ],
    "content_changed": true,
    "deleted": false,
    "page": 14,
    "revision": 20
  }
},
{
  "model": "wagtailcore.pagelogentry",
  "pk": 39,
  "fields": {
    "content_type": [
      "publications",
      "publication"
    ],
    "label": "Publication Two",
    "action": "wagtail.create",
    "data_json": "\"\"",
    "timestamp": "2021-02-04T17:49:51.996Z",
    "user": [
      "admin"
    ],
    "content_changed": true,
    "deleted": false,
    "page": 15,
    "revision": null
  }
},
{
  "model": "wagtailcore.pagelogentry",
  "pk": 40,
  "fields": {
    "content_type": [
      "publications",
      "publication"
    ],
    "label": "Publication Two",
    "action": "wagtail.publish",
    "data_json": "null",
    "timestamp": "2021-02-04T17:49:52.054Z",
    "user": [
      "admin"
    ],
    "content_changed": true,
    "deleted": false,
    "page": 15,
    "revision": 21
  }
},
{
  "model": "wagtailcore.pagelogentry",
  "pk": 41,
  "fields": {
    "content_type": [
      "home",
      "homepage"
    ],
    "label": "Home",
    "action": "wagtail.edit",
    "data_json": "\"\"",
    "timestamp": "2021-02-04T17:52:58.970Z",
    "user": [
      "admin"
    ],
    "content_changed": true,
    "deleted": false,
    "page": 3,
    "revision": 22
  }
},
{
  "model": "wagtailcore.pagelogentry",
  "pk": 42,
  "fields": {
    "content_type": [
      "home",
      "homepage"
    ],
    "label": "Home",
    "action": "wagtail.publish",
    "data_json": "null",
    "timestamp": "2021-02-04T17:52:58.999Z",
    "user": [
      "admin"
    ],
    "content_changed": true,
    "deleted": false,
    "page": 3,
    "revision": 22
  }
},
{
  "model": "wagtailcore.pagelogentry",
  "pk": 43,
  "fields": {
    "content_type": [
      "home",
      "homepage"
    ],
    "label": "Home",
    "action": "wagtail.edit",
    "data_json": "\"\"",
    "timestamp": "2021-02-04T17:54:31.448Z",
    "user": [
      "admin"
    ],
    "content_changed": true,
    "deleted": false,
    "page": 3,
    "revision": 23
  }
},
{
  "model": "wagtailcore.pagelogentry",
  "pk": 44,
  "fields": {
    "content_type": [
      "home",
      "homepage"
    ],
    "label": "Home",
    "action": "wagtail.publish",
    "data_json": "null",
    "timestamp": "2021-02-04T17:54:31.501Z",
    "user": [
      "admin"
    ],
    "content_changed": true,
    "deleted": false,
    "page": 3,
    "revision": 23
  }
},
{
  "model": "wagtailcore.pagelogentry",
  "pk": 45,
  "fields": {
    "content_type": [
      "home",
      "homepage"
    ],
    "label": "Home",
    "action": "wagtail.edit",
    "data_json": "\"\"",
    "timestamp": "2021-02-04T17:55:05.924Z",
    "user": [
      "admin"
    ],
    "content_changed": true,
    "deleted": false,
    "page": 3,
    "revision": 24
  }
},
{
  "model": "wagtailcore.pagelogentry",
  "pk": 46,
  "fields": {
    "content_type": [
      "home",
      "homepage"
    ],
    "label": "Home",
    "action": "wagtail.publish",
    "data_json": "null",
    "timestamp": "2021-02-04T17:55:05.959Z",
    "user": [
      "admin"
    ],
    "content_changed": true,
    "deleted": false,
    "page": 3,
    "revision": 24
  }
},
{
  "model": "wagtailcore.pagelogentry",
  "pk": 47,
  "fields": {
    "content_type": [
      "home",
      "homepage"
    ],
    "label": "Home",
    "action": "wagtail.edit",
    "data_json": "\"\"",
    "timestamp": "2021-02-04T17:55:57.636Z",
    "user": [
      "admin"
    ],
    "content_changed": true,
    "deleted": false,
    "page": 3,
    "revision": 25
  }
},
{
  "model": "wagtailcore.pagelogentry",
  "pk": 48,
  "fields": {
    "content_type": [
      "home",
      "homepage"
    ],
    "label": "Home",
    "action": "wagtail.publish",
    "data_json": "null",
    "timestamp": "2021-02-04T17:55:57.675Z",
    "user": [
      "admin"
    ],
    "content_changed": true,
    "deleted": false,
    "page": 3,
    "revision": 25
  }
},
{
  "model": "wagtailcore.pagelogentry",
  "pk": 49,
  "fields": {
    "content_type": [
      "pages",
      "componentspage"
    ],
    "label": "Component Page",
    "action": "wagtail.create",
    "data_json": "\"\"",
    "timestamp": "2021-02-04T17:57:00.839Z",
    "user": [
      "admin"
    ],
    "content_changed": true,
    "deleted": false,
    "page": 16,
    "revision": null
  }
},
{
  "model": "wagtailcore.pagelogentry",
  "pk": 50,
  "fields": {
    "content_type": [
      "pages",
      "componentspage"
    ],
    "label": "Component Page",
    "action": "wagtail.publish",
    "data_json": "null",
    "timestamp": "2021-02-04T17:57:00.901Z",
    "user": [
      "admin"
    ],
    "content_changed": true,
    "deleted": false,
    "page": 16,
    "revision": 26
  }
},
{
  "model": "wagtailcore.pagelogentry",
  "pk": 51,
  "fields": {
    "content_type": [
      "pages",
      "componentspage"
    ],
    "label": "Component Page",
    "action": "wagtail.edit",
    "data_json": "\"\"",
    "timestamp": "2021-02-04T17:57:36.178Z",
    "user": [
      "admin"
    ],
    "content_changed": true,
    "deleted": false,
    "page": 16,
    "revision": 27
  }
},
{
  "model": "wagtailcore.pagelogentry",
  "pk": 52,
  "fields": {
    "content_type": [
      "pages",
      "componentspage"
    ],
    "label": "Component Page",
    "action": "wagtail.publish",
    "data_json": "null",
    "timestamp": "2021-02-04T17:57:36.209Z",
    "user": [
      "admin"
    ],
    "content_changed": true,
    "deleted": false,
    "page": 16,
    "revision": 27
  }
},
{
  "model": "wagtailcore.pagelogentry",
  "pk": 53,
  "fields": {
    "content_type": [
      "pages",
      "componentspage"
    ],
    "label": "Component Page",
    "action": "wagtail.edit",
    "data_json": "\"\"",
    "timestamp": "2021-02-04T17:58:35.710Z",
    "user": [
      "admin"
    ],
    "content_changed": true,
    "deleted": false,
    "page": 16,
    "revision": 28
  }
},
{
  "model": "wagtailcore.pagelogentry",
  "pk": 54,
  "fields": {
    "content_type": [
      "pages",
      "componentspage"
    ],
    "label": "Component Page",
    "action": "wagtail.publish",
    "data_json": "null",
    "timestamp": "2021-02-04T17:58:35.739Z",
    "user": [
      "admin"
    ],
    "content_changed": true,
    "deleted": false,
    "page": 16,
    "revision": 28
  }
},
{
  "model": "wagtailcore.pagelogentry",
  "pk": 55,
  "fields": {
    "content_type": [
      "pages",
      "basepage"
    ],
    "label": "Base Page",
    "action": "wagtail.create",
    "data_json": "\"\"",
    "timestamp": "2021-02-04T18:00:07.668Z",
    "user": [
      "admin"
    ],
    "content_changed": true,
    "deleted": false,
    "page": 17,
    "revision": null
  }
},
{
  "model": "wagtailcore.pagelogentry",
  "pk": 56,
  "fields": {
    "content_type": [
      "pages",
      "basepage"
    ],
    "label": "Base Page",
    "action": "wagtail.publish",
    "data_json": "null",
    "timestamp": "2021-02-04T18:00:07.722Z",
    "user": [
      "admin"
    ],
    "content_changed": true,
    "deleted": false,
    "page": 17,
    "revision": 29
  }
},
{
  "model": "wagtailcore.pagelogentry",
  "pk": 57,
  "fields": {
    "content_type": [
      "pages",
      "basepage"
    ],
    "label": "Base Page",
    "action": "wagtail.edit",
    "data_json": "\"\"",
    "timestamp": "2021-02-04T18:00:42.716Z",
    "user": [
      "admin"
    ],
    "content_changed": true,
    "deleted": false,
    "page": 17,
    "revision": 30
  }
},
{
  "model": "wagtailcore.pagelogentry",
  "pk": 58,
  "fields": {
    "content_type": [
      "pages",
      "basepage"
    ],
    "label": "Base Page",
    "action": "wagtail.publish",
    "data_json": "null",
    "timestamp": "2021-02-04T18:00:42.755Z",
    "user": [
      "admin"
    ],
    "content_changed": true,
    "deleted": false,
    "page": 17,
    "revision": 30
  }
},
{
  "model": "wagtailcore.pagelogentry",
  "pk": 59,
  "fields": {
    "content_type": [
      "home",
      "homepage"
    ],
    "label": "Home",
    "action": "wagtail.edit",
    "data_json": "\"\"",
    "timestamp": "2021-02-04T18:01:25.469Z",
    "user": [
      "admin"
    ],
    "content_changed": true,
    "deleted": false,
    "page": 3,
    "revision": 31
  }
},
{
  "model": "wagtailcore.pagelogentry",
  "pk": 60,
  "fields": {
    "content_type": [
      "home",
      "homepage"
    ],
    "label": "Home",
    "action": "wagtail.publish",
    "data_json": "null",
    "timestamp": "2021-02-04T18:01:25.496Z",
    "user": [
      "admin"
    ],
    "content_changed": true,
    "deleted": false,
    "page": 3,
    "revision": 31
  }
},
{
  "model": "wagtailcore.pagelogentry",
  "pk": 61,
  "fields": {
    "content_type": [
      "pages",
      "basepage"
    ],
    "label": "Base Page",
    "action": "wagtail.edit",
    "data_json": "\"\"",
    "timestamp": "2021-02-04T21:33:37.423Z",
    "user": [
      "admin"
    ],
    "content_changed": true,
    "deleted": false,
    "page": 17,
    "revision": 32
  }
},
{
  "model": "wagtailcore.pagelogentry",
  "pk": 62,
  "fields": {
    "content_type": [
      "pages",
      "basepage"
    ],
    "label": "Base Page",
    "action": "wagtail.publish",
    "data_json": "null",
    "timestamp": "2021-02-04T21:33:37.457Z",
    "user": [
      "admin"
    ],
    "content_changed": true,
    "deleted": false,
    "page": 17,
    "revision": 32
  }
},
{
  "model": "wagtailcore.pagelogentry",
  "pk": 63,
  "fields": {
    "content_type": [
      "pages",
      "basepage"
    ],
    "label": "Base Page",
    "action": "wagtail.edit",
    "data_json": "\"\"",
    "timestamp": "2021-02-04T21:38:04.238Z",
    "user": [
      "admin"
    ],
    "content_changed": true,
    "deleted": false,
    "page": 17,
    "revision": 33
  }
},
{
  "model": "wagtailcore.pagelogentry",
  "pk": 64,
  "fields": {
    "content_type": [
      "pages",
      "basepage"
    ],
    "label": "Base Page",
    "action": "wagtail.publish",
    "data_json": "null",
    "timestamp": "2021-02-04T21:38:04.276Z",
    "user": [
      "admin"
    ],
    "content_changed": true,
    "deleted": false,
    "page": 17,
    "revision": 33
  }
},
{
  "model": "wagtailcore.pagelogentry",
  "pk": 65,
  "fields": {
    "content_type": [
      "pages",
      "basepage"
    ],
    "label": "Base Page",
    "action": "wagtail.edit",
    "data_json": "\"\"",
    "timestamp": "2021-02-04T21:42:22.064Z",
    "user": [
      "admin"
    ],
    "content_changed": true,
    "deleted": false,
    "page": 17,
    "revision": 34
  }
},
{
  "model": "wagtailcore.pagelogentry",
  "pk": 66,
  "fields": {
    "content_type": [
      "pages",
      "basepage"
    ],
    "label": "Base Page",
    "action": "wagtail.publish",
    "data_json": "null",
    "timestamp": "2021-02-04T21:42:22.105Z",
    "user": [
      "admin"
    ],
    "content_changed": true,
    "deleted": false,
    "page": 17,
    "revision": 34
  }
},
{
  "model": "wagtailcore.pagelogentry",
  "pk": 67,
  "fields": {
    "content_type": [
      "pages",
      "basepage"
    ],
    "label": "Base Page",
    "action": "wagtail.edit",
    "data_json": "\"\"",
    "timestamp": "2021-02-04T21:45:52.232Z",
    "user": [
      "admin"
    ],
    "content_changed": true,
    "deleted": false,
    "page": 17,
    "revision": 35
  }
},
{
  "model": "wagtailcore.pagelogentry",
  "pk": 68,
  "fields": {
    "content_type": [
      "pages",
      "basepage"
    ],
    "label": "Base Page",
    "action": "wagtail.publish",
    "data_json": "null",
    "timestamp": "2021-02-04T21:45:52.270Z",
    "user": [
      "admin"
    ],
    "content_changed": true,
    "deleted": false,
    "page": 17,
    "revision": 35
  }
},
{
  "model": "wagtailcore.pagelogentry",
  "pk": 69,
  "fields": {
    "content_type": [
      "pages",
      "basepage"
    ],
    "label": "Base Page",
    "action": "wagtail.edit",
    "data_json": "\"\"",
    "timestamp": "2021-02-04T21:48:18.285Z",
    "user": [
      "admin"
    ],
    "content_changed": true,
    "deleted": false,
    "page": 17,
    "revision": 36
  }
},
{
  "model": "wagtailcore.pagelogentry",
  "pk": 70,
  "fields": {
    "content_type": [
      "pages",
      "basepage"
    ],
    "label": "Base Page",
    "action": "wagtail.publish",
    "data_json": "null",
    "timestamp": "2021-02-04T21:48:18.318Z",
    "user": [
      "admin"
    ],
    "content_changed": true,
    "deleted": false,
    "page": 17,
    "revision": 36
  }
},
{
  "model": "wagtailcore.pagelogentry",
  "pk": 71,
  "fields": {
    "content_type": [
      "home",
      "homepage"
    ],
    "label": "Home",
    "action": "wagtail.edit",
    "data_json": "\"\"",
    "timestamp": "2021-02-05T09:52:16.794Z",
    "user": [
      "admin"
    ],
    "content_changed": true,
    "deleted": false,
    "page": 3,
    "revision": 37
  }
},
{
  "model": "wagtailcore.pagelogentry",
  "pk": 72,
  "fields": {
    "content_type": [
      "home",
      "homepage"
    ],
    "label": "Home",
    "action": "wagtail.publish",
    "data_json": "null",
    "timestamp": "2021-02-05T09:52:16.824Z",
    "user": [
      "admin"
    ],
    "content_changed": true,
    "deleted": false,
    "page": 3,
    "revision": 37
  }
},
{
  "model": "wagtailcore.pagelogentry",
  "pk": 73,
  "fields": {
    "content_type": [
      "publications",
      "publication"
    ],
    "label": "Publication One",
    "action": "wagtail.edit",
    "data_json": "\"\"",
    "timestamp": "2021-02-05T09:55:00.090Z",
    "user": [
      "admin"
    ],
    "content_changed": true,
    "deleted": false,
    "page": 14,
    "revision": 38
  }
},
{
  "model": "wagtailcore.pagelogentry",
  "pk": 74,
  "fields": {
    "content_type": [
      "publications",
      "publication"
    ],
    "label": "Publication One",
    "action": "wagtail.publish",
    "data_json": "null",
    "timestamp": "2021-02-05T09:55:00.130Z",
    "user": [
      "admin"
    ],
    "content_changed": true,
    "deleted": false,
    "page": 14,
    "revision": 38
  }
},
{
  "model": "wagtailcore.pagelogentry",
  "pk": 75,
  "fields": {
    "content_type": [
      "publications",
      "publication"
    ],
    "label": "Publication Two",
    "action": "wagtail.edit",
    "data_json": "\"\"",
    "timestamp": "2021-02-05T09:56:46.330Z",
    "user": [
      "admin"
    ],
    "content_changed": true,
    "deleted": false,
    "page": 15,
    "revision": 39
  }
},
{
  "model": "wagtailcore.pagelogentry",
  "pk": 76,
  "fields": {
    "content_type": [
      "publications",
      "publication"
    ],
    "label": "Publication Two",
    "action": "wagtail.publish",
    "data_json": "null",
    "timestamp": "2021-02-05T09:56:46.392Z",
    "user": [
      "admin"
    ],
    "content_changed": true,
    "deleted": false,
    "page": 15,
    "revision": 39
  }
},
{
  "model": "wagtailcore.pagelogentry",
  "pk": 77,
  "fields": {
    "content_type": [
      "home",
      "homepage"
    ],
    "label": "Home",
    "action": "wagtail.edit",
    "data_json": "\"\"",
    "timestamp": "2021-02-05T10:35:23.849Z",
    "user": [
      "admin"
    ],
    "content_changed": true,
    "deleted": false,
    "page": 3,
    "revision": 40
  }
},
{
  "model": "wagtailcore.pagelogentry",
  "pk": 78,
  "fields": {
    "content_type": [
      "home",
      "homepage"
    ],
    "label": "Home",
    "action": "wagtail.publish",
    "data_json": "null",
    "timestamp": "2021-02-05T10:35:23.876Z",
    "user": [
      "admin"
    ],
    "content_changed": true,
    "deleted": false,
    "page": 3,
    "revision": 40
  }
},
{
  "model": "wagtailcore.pagelogentry",
  "pk": 79,
  "fields": {
    "content_type": [
      "pages",
      "basepage"
    ],
    "label": "Base Page",
    "action": "wagtail.edit",
    "data_json": "\"\"",
    "timestamp": "2021-02-08T09:55:30.832Z",
    "user": [
      "admin"
    ],
    "content_changed": true,
    "deleted": false,
    "page": 17,
    "revision": 41
  }
},
{
  "model": "wagtailcore.pagelogentry",
  "pk": 80,
  "fields": {
    "content_type": [
      "pages",
      "basepage"
    ],
    "label": "Base Page",
    "action": "wagtail.publish",
    "data_json": "null",
    "timestamp": "2021-02-08T09:55:30.906Z",
    "user": [
      "admin"
    ],
    "content_changed": true,
    "deleted": false,
    "page": 17,
    "revision": 41
  }
},
{
  "model": "wagtailcore.groupapprovaltask",
  "pk": 1,
  "fields": {
    "task_ptr": 1,
    "groups": [
      [
        "Moderators"
      ]
    ]
  }
},
{
  "model": "wagtailcore.pagerevision",
  "pk": 1,
  "fields": {
    "page": 3,
    "submitted_for_moderation": false,
    "created_at": "2021-02-04T13:53:03.083Z",
    "user": [
      "admin"
    ],
    "content_json": "{\"pk\": 3, \"path\": \"00010001\", \"depth\": 2, \"numchild\": 0, \"title\": \"Home\", \"draft_title\": \"Home\", \"slug\": \"home\", \"content_type\": 4, \"live\": true, \"has_unpublished_changes\": false, \"url_path\": \"/home/\", \"owner\": null, \"seo_title\": \"\", \"show_in_menus\": false, \"search_description\": \"\", \"go_live_at\": null, \"expire_at\": null, \"expired\": false, \"locked\": false, \"locked_at\": null, \"locked_by\": null, \"first_published_at\": null, \"last_published_at\": null, \"latest_revision_created_at\": null, \"live_revision\": null, \"hero_text\": \"Hero text\", \"hero_heading\": \"Hero heading\", \"hero_image\": 1, \"body\": \"[]\"}",
    "approved_go_live_at": null
  }
},
{
  "model": "wagtailcore.pagerevision",
  "pk": 2,
  "fields": {
    "page": 3,
    "submitted_for_moderation": false,
    "created_at": "2021-02-04T13:53:16.573Z",
    "user": [
      "admin"
    ],
    "content_json": "{\"pk\": 3, \"path\": \"00010001\", \"depth\": 2, \"numchild\": 0, \"title\": \"Home\", \"draft_title\": \"Home\", \"slug\": \"home\", \"content_type\": 4, \"live\": true, \"has_unpublished_changes\": true, \"url_path\": \"/home/\", \"owner\": null, \"seo_title\": \"\", \"show_in_menus\": false, \"search_description\": \"\", \"go_live_at\": null, \"expire_at\": null, \"expired\": false, \"locked\": false, \"locked_at\": null, \"locked_by\": null, \"first_published_at\": null, \"last_published_at\": null, \"latest_revision_created_at\": \"2021-02-04T13:53:03.083Z\", \"live_revision\": null, \"hero_text\": \"Hero text\", \"hero_heading\": \"Hero heading\", \"hero_image\": 1, \"body\": \"[]\"}",
    "approved_go_live_at": null
  }
},
{
  "model": "wagtailcore.pagerevision",
  "pk": 3,
  "fields": {
    "page": 3,
    "submitted_for_moderation": false,
    "created_at": "2021-02-04T13:57:21.932Z",
    "user": [
      "admin"
    ],
    "content_json": "{\"pk\": 3, \"path\": \"00010001\", \"depth\": 2, \"numchild\": 0, \"title\": \"Home\", \"draft_title\": \"Home\", \"slug\": \"home\", \"content_type\": 4, \"live\": true, \"has_unpublished_changes\": false, \"url_path\": \"/home/\", \"owner\": null, \"seo_title\": \"\", \"show_in_menus\": false, \"search_description\": \"\", \"go_live_at\": null, \"expire_at\": null, \"expired\": false, \"locked\": false, \"locked_at\": null, \"locked_by\": null, \"first_published_at\": \"2021-02-04T13:53:16.604Z\", \"last_published_at\": \"2021-02-04T13:53:16.604Z\", \"latest_revision_created_at\": \"2021-02-04T13:53:16.573Z\", \"live_revision\": 2, \"hero_text\": \"Hero text\", \"hero_heading\": \"Hero heading\", \"hero_image\": 1, \"body\": \"[{\\\"type\\\": \\\"promo_group\\\", \\\"value\\\": {\\\"column\\\": \\\"one-half\\\", \\\"size\\\": \\\"\\\", \\\"heading_level\\\": 3, \\\"promos\\\": [{\\\"url\\\": \\\"http://coding.nickmoreton.co.uk:8000\\\", \\\"heading\\\": \\\"Promo Heading One\\\", \\\"description\\\": \\\"Promo descriptions\\\", \\\"content_image\\\": null, \\\"alt_text\\\": \\\"\\\"}]}, \\\"id\\\": \\\"648916d9-0507-4db9-b4e6-94211cd921fe\\\"}]\"}",
    "approved_go_live_at": null
  }
},
{
  "model": "wagtailcore.pagerevision",
  "pk": 4,
  "fields": {
    "page": 3,
    "submitted_for_moderation": false,
    "created_at": "2021-02-04T17:12:53.763Z",
    "user": [
      "admin"
    ],
    "content_json": "{\"pk\": 3, \"path\": \"00010001\", \"depth\": 2, \"numchild\": 0, \"title\": \"Home\", \"draft_title\": \"Home\", \"slug\": \"home\", \"content_type\": 4, \"live\": true, \"has_unpublished_changes\": false, \"url_path\": \"/home/\", \"owner\": null, \"seo_title\": \"\", \"show_in_menus\": false, \"search_description\": \"\", \"go_live_at\": null, \"expire_at\": null, \"expired\": false, \"locked\": false, \"locked_at\": null, \"locked_by\": null, \"first_published_at\": \"2021-02-04T13:53:16.604Z\", \"last_published_at\": \"2021-02-04T13:57:21.960Z\", \"latest_revision_created_at\": \"2021-02-04T13:57:21.932Z\", \"live_revision\": 3, \"hero_text\": \"Hero text content\", \"hero_heading\": \"Hero Heading\", \"hero_image\": 1, \"body\": \"[{\\\"type\\\": \\\"promo_group\\\", \\\"value\\\": {\\\"column\\\": \\\"one-half\\\", \\\"size\\\": \\\"\\\", \\\"heading_level\\\": 3, \\\"promos\\\": [{\\\"url\\\": \\\"http://www.example.com\\\", \\\"heading\\\": \\\"Promo One Heading\\\", \\\"description\\\": \\\"Promo one content\\\", \\\"content_image\\\": null, \\\"alt_text\\\": \\\"\\\"}, {\\\"url\\\": \\\"http://www.example.com\\\", \\\"heading\\\": \\\"Promo Two Heading\\\", \\\"description\\\": \\\"Promo two content has an image\\\", \\\"content_image\\\": 1, \\\"alt_text\\\": \\\"promo two alt text\\\"}]}, \\\"id\\\": \\\"648916d9-0507-4db9-b4e6-94211cd921fe\\\"}]\"}",
    "approved_go_live_at": null
  }
},
{
  "model": "wagtailcore.pagerevision",
  "pk": 5,
  "fields": {
    "page": 3,
    "submitted_for_moderation": false,
    "created_at": "2021-02-04T17:14:09.049Z",
    "user": [
      "admin"
    ],
    "content_json": "{\"pk\": 3, \"path\": \"00010001\", \"depth\": 2, \"numchild\": 0, \"title\": \"Home\", \"draft_title\": \"Home\", \"slug\": \"home\", \"content_type\": 4, \"live\": true, \"has_unpublished_changes\": false, \"url_path\": \"/home/\", \"owner\": null, \"seo_title\": \"\", \"show_in_menus\": false, \"search_description\": \"\", \"go_live_at\": null, \"expire_at\": null, \"expired\": false, \"locked\": false, \"locked_at\": null, \"locked_by\": null, \"first_published_at\": \"2021-02-04T13:53:16.604Z\", \"last_published_at\": \"2021-02-04T17:12:53.797Z\", \"latest_revision_created_at\": \"2021-02-04T17:12:53.763Z\", \"live_revision\": 4, \"hero_text\": \"Hero text content\", \"hero_heading\": \"Hero Heading\", \"hero_image\": 1, \"body\": \"[{\\\"type\\\": \\\"promo_group\\\", \\\"value\\\": {\\\"column\\\": \\\"one-half\\\", \\\"size\\\": \\\"\\\", \\\"heading_level\\\": 3, \\\"promos\\\": [{\\\"url\\\": \\\"http://www.example.com\\\", \\\"heading\\\": \\\"Promo One Heading\\\", \\\"description\\\": \\\"Promo one content\\\", \\\"content_image\\\": null, \\\"alt_text\\\": \\\"\\\"}, {\\\"url\\\": \\\"http://www.example.com\\\", \\\"heading\\\": \\\"Promo Two Heading\\\", \\\"description\\\": \\\"Promo two content has an image\\\", \\\"content_image\\\": 1, \\\"alt_text\\\": \\\"promo two alt text\\\"}]}, \\\"id\\\": \\\"648916d9-0507-4db9-b4e6-94211cd921fe\\\"}, {\\\"type\\\": \\\"warning_callout\\\", \\\"value\\\": {\\\"title\\\": \\\"Callout title?\\\", \\\"heading_level\\\": 3, \\\"body\\\": \\\"<p>Callout content</p><p><a id=\\\\\\\"3\\\\\\\" linktype=\\\\\\\"page\\\\\\\">Callout Link</a></p>\\\"}, \\\"id\\\": \\\"b77dcb0a-4e82-4df6-bf33-f3f99155f342\\\"}]\"}",
    "approved_go_live_at": null
  }
},
{
  "model": "wagtailcore.pagerevision",
  "pk": 6,
  "fields": {
    "page": 4,
    "submitted_for_moderation": false,
    "created_at": "2021-02-04T17:23:10.962Z",
    "user": [
      "admin"
    ],
    "content_json": "{\"pk\": 4, \"path\": \"000100010001\", \"depth\": 3, \"numchild\": 0, \"title\": \"Blog Index Page\", \"draft_title\": \"Blog Index Page\", \"slug\": \"blog-index-page\", \"content_type\": 16, \"live\": true, \"has_unpublished_changes\": false, \"url_path\": \"/home/blog-index-page/\", \"owner\": 1, \"seo_title\": \"\", \"show_in_menus\": false, \"search_description\": \"\", \"go_live_at\": null, \"expire_at\": null, \"expired\": false, \"locked\": false, \"locked_at\": null, \"locked_by\": null, \"first_published_at\": null, \"last_published_at\": null, \"latest_revision_created_at\": null, \"live_revision\": null, \"body\": \"<p>Blog Index Content</p>\", \"sub_site_categories\": 1}",
    "approved_go_live_at": null
  }
},
{
  "model": "wagtailcore.pagerevision",
  "pk": 7,
  "fields": {
    "page": 5,
    "submitted_for_moderation": false,
    "created_at": "2021-02-04T17:25:17.941Z",
    "user": [
      "admin"
    ],
    "content_json": "{\"pk\": 5, \"path\": \"0001000100010001\", \"depth\": 4, \"numchild\": 0, \"title\": \"Blog Post One\", \"draft_title\": \"Blog Post One\", \"slug\": \"blog-post-one\", \"content_type\": 17, \"live\": true, \"has_unpublished_changes\": false, \"url_path\": \"/home/blog-index-page/blog-post-one/\", \"owner\": 1, \"seo_title\": \"\", \"show_in_menus\": false, \"search_description\": \"\", \"go_live_at\": null, \"expire_at\": null, \"expired\": false, \"locked\": false, \"locked_at\": null, \"locked_by\": null, \"first_published_at\": null, \"last_published_at\": null, \"latest_revision_created_at\": null, \"live_revision\": null, \"body\": \"<p>Blog Post Content</p><p>Lorem ipsum dolor sit amet, consectetur adipiscing elit. Vestibulum id ligula porta felis euismod semper. Duis mollis, est non commodo luctus, nisi erat porttitor ligula, eget lacinia odio sem nec elit. Praesent commodo cursus magna, vel scelerisque nisl consectetur et.</p>\", \"wp_id\": 0, \"source\": \"root\", \"wp_slug\": \"\", \"wp_link\": \"\", \"author\": \"\", \"blog_category_relationship\": [{\"pk\": 1, \"blog\": 5, \"category\": 1}]}",
    "approved_go_live_at": null
  }
},
{
  "model": "wagtailcore.pagerevision",
  "pk": 8,
  "fields": {
    "page": 5,
    "submitted_for_moderation": false,
    "created_at": "2021-02-04T17:26:07.168Z",
    "user": [
      "admin"
    ],
    "content_json": "{\"pk\": 5, \"path\": \"0001000100010001\", \"depth\": 4, \"numchild\": 0, \"title\": \"Blog Post One\", \"draft_title\": \"Blog Post One\", \"slug\": \"blog-post-one\", \"content_type\": 17, \"live\": true, \"has_unpublished_changes\": false, \"url_path\": \"/home/blog-index-page/blog-post-one/\", \"owner\": 1, \"seo_title\": \"\", \"show_in_menus\": false, \"search_description\": \"\", \"go_live_at\": null, \"expire_at\": null, \"expired\": false, \"locked\": false, \"locked_at\": null, \"locked_by\": null, \"first_published_at\": \"2021-02-04T17:25:17.986Z\", \"last_published_at\": \"2021-02-04T17:25:17.986Z\", \"latest_revision_created_at\": \"2021-02-04T17:25:17.941Z\", \"live_revision\": 7, \"body\": \"<p>Blog Post Content</p><p>Lorem ipsum dolor sit amet, consectetur adipiscing elit. Vestibulum id ligula porta felis euismod semper. Duis mollis, est non commodo luctus, nisi erat porttitor ligula, eget lacinia odio sem nec elit. Praesent commodo cursus magna, vel scelerisque nisl consectetur et.</p>\", \"wp_id\": 0, \"source\": \"root\", \"wp_slug\": \"\", \"wp_link\": \"\", \"author\": \"\", \"blog_category_relationship\": [{\"pk\": 1, \"blog\": 5, \"category\": 1}]}",
    "approved_go_live_at": null
  }
},
{
  "model": "wagtailcore.pagerevision",
  "pk": 9,
  "fields": {
    "page": 6,
    "submitted_for_moderation": false,
    "created_at": "2021-02-04T17:26:56.396Z",
    "user": [
      "admin"
    ],
    "content_json": "{\"pk\": 6, \"path\": \"0001000100010002\", \"depth\": 4, \"numchild\": 0, \"title\": \"Blog Post Two\", \"draft_title\": \"Blog Post Two\", \"slug\": \"blog-post-two\", \"content_type\": 17, \"live\": true, \"has_unpublished_changes\": false, \"url_path\": \"/home/blog-index-page/blog-post-two/\", \"owner\": 1, \"seo_title\": \"\", \"show_in_menus\": false, \"search_description\": \"\", \"go_live_at\": null, \"expire_at\": null, \"expired\": false, \"locked\": false, \"locked_at\": null, \"locked_by\": null, \"first_published_at\": null, \"last_published_at\": null, \"latest_revision_created_at\": null, \"live_revision\": null, \"body\": \"<p>Blog Post Two</p><p>Lorem ipsum dolor sit amet, consectetur adipiscing elit. Vestibulum id ligula porta felis euismod semper. Duis mollis, est non commodo luctus, nisi erat porttitor ligula, eget lacinia odio sem nec elit. Praesent commodo cursus magna, vel scelerisque nisl consectetur et.</p><p>Lorem ipsum dolor sit amet, consectetur adipiscing elit. Vestibulum id ligula porta felis euismod semper. Duis mollis, est non commodo luctus, nisi erat porttitor ligula, eget lacinia odio sem nec elit. Praesent commodo cursus magna, vel scelerisque nisl consectetur et.</p>\", \"wp_id\": 0, \"source\": \"root\", \"wp_slug\": \"\", \"wp_link\": \"\", \"author\": \"\", \"blog_category_relationship\": [{\"pk\": 2, \"blog\": 6, \"category\": 2}]}",
    "approved_go_live_at": null
  }
},
{
  "model": "wagtailcore.pagerevision",
  "pk": 12,
  "fields": {
    "page": 8,
    "submitted_for_moderation": false,
    "created_at": "2021-02-04T17:31:45.854Z",
    "user": [
      "admin"
    ],
    "content_json": "{\"pk\": 8, \"path\": \"000100010002\", \"depth\": 3, \"numchild\": 0, \"title\": \"Atlas Case Studies Index Page\", \"draft_title\": \"Atlas Case Studies Index Page\", \"slug\": \"atlas-case-studies-index-page\", \"content_type\": 28, \"live\": true, \"has_unpublished_changes\": false, \"url_path\": \"/home/atlas-case-studies-index-page/\", \"owner\": 1, \"seo_title\": \"\", \"show_in_menus\": false, \"search_description\": \"\", \"go_live_at\": null, \"expire_at\": null, \"expired\": false, \"locked\": false, \"locked_at\": null, \"locked_by\": null, \"first_published_at\": null, \"last_published_at\": null, \"latest_revision_created_at\": null, \"live_revision\": null, \"body\": \"<p>Atlas case studies Index Page</p>\"}",
    "approved_go_live_at": null
  }
},
{
  "model": "wagtailcore.pagerevision",
  "pk": 13,
  "fields": {
    "page": 9,
    "submitted_for_moderation": false,
    "created_at": "2021-02-04T17:32:41.938Z",
    "user": [
      "admin"
    ],
    "content_json": "{\"pk\": 9, \"path\": \"0001000100020001\", \"depth\": 4, \"numchild\": 0, \"title\": \"Atlas Case Study One\", \"draft_title\": \"Atlas Case Study One\", \"slug\": \"atlas-case-study-one\", \"content_type\": 27, \"live\": true, \"has_unpublished_changes\": false, \"url_path\": \"/home/atlas-case-studies-index-page/atlas-case-study-one/\", \"owner\": 1, \"seo_title\": \"\", \"show_in_menus\": false, \"search_description\": \"\", \"go_live_at\": null, \"expire_at\": null, \"expired\": false, \"locked\": false, \"locked_at\": null, \"locked_by\": null, \"first_published_at\": null, \"last_published_at\": null, \"latest_revision_created_at\": null, \"live_revision\": null, \"body\": \"<p>Atlas case study one content</p>\", \"wp_id\": 0, \"wp_slug\": \"\", \"wp_link\": \"\", \"atlas_case_study_category_relationship\": [{\"pk\": 1, \"atlas_case_study\": 9, \"category\": 1}], \"atlas_case_study_setting_relationship\": [{\"pk\": 1, \"atlas_case_study\": 9, \"setting\": 1}], \"atlas_case_study_region_relationship\": [{\"pk\": 1, \"atlas_case_study\": 9, \"region\": 1}]}",
    "approved_go_live_at": null
  }
},
{
  "model": "wagtailcore.pagerevision",
  "pk": 14,
  "fields": {
    "page": 9,
    "submitted_for_moderation": false,
    "created_at": "2021-02-04T17:40:16.702Z",
    "user": [
      "admin"
    ],
    "content_json": "{\"pk\": 9, \"path\": \"0001000100020001\", \"depth\": 4, \"numchild\": 0, \"title\": \"Atlas Case Study One\", \"draft_title\": \"Atlas Case Study One\", \"slug\": \"atlas-case-study-one\", \"content_type\": 27, \"live\": true, \"has_unpublished_changes\": false, \"url_path\": \"/home/atlas-case-studies-index-page/atlas-case-study-one/\", \"owner\": 1, \"seo_title\": \"\", \"show_in_menus\": false, \"search_description\": \"\", \"go_live_at\": null, \"expire_at\": null, \"expired\": false, \"locked\": false, \"locked_at\": null, \"locked_by\": null, \"first_published_at\": \"2021-02-04T17:32:41.975Z\", \"last_published_at\": \"2021-02-04T17:32:41.975Z\", \"latest_revision_created_at\": \"2021-02-04T17:32:41.938Z\", \"live_revision\": 13, \"body\": \"<p>Atlas case study one content</p>\", \"wp_id\": 0, \"wp_slug\": \"\", \"wp_link\": \"\", \"atlas_case_study_category_relationship\": [{\"pk\": 1, \"atlas_case_study\": 9, \"category\": 1}], \"atlas_case_study_setting_relationship\": [{\"pk\": 1, \"atlas_case_study\": 9, \"setting\": 1}], \"atlas_case_study_region_relationship\": [{\"pk\": 1, \"atlas_case_study\": 9, \"region\": 1}]}",
    "approved_go_live_at": null
  }
},
{
  "model": "wagtailcore.pagerevision",
  "pk": 15,
  "fields": {
    "page": 10,
    "submitted_for_moderation": false,
    "created_at": "2021-02-04T17:43:27.924Z",
    "user": [
      "admin"
    ],
    "content_json": "{\"pk\": 10, \"path\": \"000100010003\", \"depth\": 3, \"numchild\": 0, \"title\": \"Post Index Page\", \"draft_title\": \"Post Index Page\", \"slug\": \"post-index-page\", \"content_type\": 13, \"live\": true, \"has_unpublished_changes\": false, \"url_path\": \"/home/post-index-page/\", \"owner\": 1, \"seo_title\": \"\", \"show_in_menus\": false, \"search_description\": \"\", \"go_live_at\": null, \"expire_at\": null, \"expired\": false, \"locked\": false, \"locked_at\": null, \"locked_by\": null, \"first_published_at\": null, \"last_published_at\": null, \"latest_revision_created_at\": null, \"live_revision\": null, \"body\": \"<p>Post index page content</p>\", \"sub_site_categories\": 1}",
    "approved_go_live_at": null
  }
},
{
  "model": "wagtailcore.pagerevision",
  "pk": 16,
  "fields": {
    "page": 11,
    "submitted_for_moderation": false,
    "created_at": "2021-02-04T17:44:09.098Z",
    "user": [
      "admin"
    ],
    "content_json": "{\"pk\": 11, \"path\": \"0001000100030001\", \"depth\": 4, \"numchild\": 0, \"title\": \"Post One\", \"draft_title\": \"Post One\", \"slug\": \"post-one\", \"content_type\": 14, \"live\": true, \"has_unpublished_changes\": false, \"url_path\": \"/home/post-index-page/post-one/\", \"owner\": 1, \"seo_title\": \"\", \"show_in_menus\": false, \"search_description\": \"\", \"go_live_at\": null, \"expire_at\": null, \"expired\": false, \"locked\": false, \"locked_at\": null, \"locked_by\": null, \"first_published_at\": null, \"last_published_at\": null, \"latest_revision_created_at\": null, \"live_revision\": null, \"body\": \"<p>Post one content</p>\", \"wp_id\": 0, \"source\": \"root\", \"wp_slug\": \"\", \"wp_link\": \"\", \"author\": \"\", \"post_category_relationship\": [{\"pk\": 1, \"post\": 11, \"category\": 1}]}",
    "approved_go_live_at": null
  }
},
{
  "model": "wagtailcore.pagerevision",
  "pk": 17,
  "fields": {
    "page": 12,
    "submitted_for_moderation": false,
    "created_at": "2021-02-04T17:44:09.098Z",
    "user": [
      "admin"
    ],
    "content_json": "{\"pk\": 12, \"path\": \"0001000100030001\", \"depth\": 4, \"numchild\": 0, \"title\": \"Post One\", \"draft_title\": \"Post One\", \"slug\": \"post-one\", \"content_type\": 14, \"live\": true, \"has_unpublished_changes\": false, \"url_path\": \"/home/post-index-page/post-one/\", \"owner\": 1, \"seo_title\": \"\", \"show_in_menus\": false, \"search_description\": \"\", \"go_live_at\": null, \"expire_at\": null, \"expired\": false, \"locked\": false, \"locked_at\": null, \"locked_by\": null, \"first_published_at\": null, \"last_published_at\": null, \"latest_revision_created_at\": null, \"live_revision\": null, \"body\": \"<p>Post one content</p>\", \"wp_id\": 0, \"source\": \"root\", \"wp_slug\": \"\", \"wp_link\": \"\", \"author\": \"\", \"post_category_relationship\": [{\"pk\": 2, \"post\": 12, \"category\": 1}]}",
    "approved_go_live_at": null
  }
},
{
  "model": "wagtailcore.pagerevision",
  "pk": 18,
  "fields": {
    "page": 12,
    "submitted_for_moderation": false,
    "created_at": "2021-02-04T17:45:05.260Z",
    "user": [
      "admin"
    ],
    "content_json": "{\"pk\": 12, \"path\": \"0001000100030002\", \"depth\": 4, \"numchild\": 0, \"title\": \"Post Two\", \"draft_title\": \"Post One\", \"slug\": \"post-two\", \"content_type\": 14, \"live\": true, \"has_unpublished_changes\": false, \"url_path\": \"/home/post-index-page/post-two/\", \"owner\": 1, \"seo_title\": \"\", \"show_in_menus\": false, \"search_description\": \"\", \"go_live_at\": null, \"expire_at\": null, \"expired\": false, \"locked\": false, \"locked_at\": null, \"locked_by\": null, \"first_published_at\": \"2021-02-04T17:44:09.122Z\", \"last_published_at\": \"2021-02-04T17:44:09.122Z\", \"latest_revision_created_at\": \"2021-02-04T17:44:09.098Z\", \"live_revision\": 16, \"body\": \"<p>Post one content</p>\", \"wp_id\": 0, \"source\": \"root\", \"wp_slug\": \"\", \"wp_link\": \"\", \"author\": \"\", \"post_category_relationship\": [{\"pk\": 2, \"post\": 12, \"category\": 1}]}",
    "approved_go_live_at": null
  }
},
{
  "model": "wagtailcore.pagerevision",
  "pk": 19,
  "fields": {
    "page": 13,
    "submitted_for_moderation": false,
    "created_at": "2021-02-04T17:47:09.156Z",
    "user": [
      "admin"
    ],
    "content_json": "{\"pk\": 13, \"path\": \"000100010004\", \"depth\": 3, \"numchild\": 0, \"title\": \"Publications Index Page\", \"draft_title\": \"Publications Index Page\", \"slug\": \"publications-index-page\", \"content_type\": 25, \"live\": true, \"has_unpublished_changes\": false, \"url_path\": \"/home/publications-index-page/\", \"owner\": 1, \"seo_title\": \"\", \"show_in_menus\": false, \"search_description\": \"\", \"go_live_at\": null, \"expire_at\": null, \"expired\": false, \"locked\": false, \"locked_at\": null, \"locked_by\": null, \"first_published_at\": null, \"last_published_at\": null, \"latest_revision_created_at\": null, \"live_revision\": null, \"body\": \"<p>Publications index page content</p>\", \"sub_site_publication_types\": 1}",
    "approved_go_live_at": null
  }
},
{
  "model": "wagtailcore.pagerevision",
  "pk": 20,
  "fields": {
    "page": 14,
    "submitted_for_moderation": false,
    "created_at": "2021-02-04T17:49:10.774Z",
    "user": [
      "admin"
    ],
    "content_json": "{\"pk\": 14, \"path\": \"0001000100040001\", \"depth\": 4, \"numchild\": 0, \"title\": \"Publication One\", \"draft_title\": \"Publication One\", \"slug\": \"publication-one\", \"content_type\": 23, \"live\": true, \"has_unpublished_changes\": false, \"url_path\": \"/home/publications-index-page/publication-one/\", \"owner\": 1, \"seo_title\": \"\", \"show_in_menus\": false, \"search_description\": \"\", \"go_live_at\": null, \"expire_at\": null, \"expired\": false, \"locked\": false, \"locked_at\": null, \"locked_by\": null, \"first_published_at\": null, \"last_published_at\": null, \"latest_revision_created_at\": null, \"live_revision\": null, \"body\": \"<p>Publication one content</p>\", \"documents\": \"[]\", \"wp_id\": 0, \"source\": \"root\", \"wp_slug\": \"\", \"wp_link\": \"\", \"component_fields\": \"\", \"author\": \"\", \"publication_publication_type_relationship\": [{\"pk\": 1, \"publication\": 14, \"publication_type\": 1}], \"publication_category_relationship\": [{\"pk\": 1, \"publication\": 14, \"category\": 1}]}",
    "approved_go_live_at": null
  }
},
{
  "model": "wagtailcore.pagerevision",
  "pk": 21,
  "fields": {
    "page": 15,
    "submitted_for_moderation": false,
    "created_at": "2021-02-04T17:49:52.007Z",
    "user": [
      "admin"
    ],
    "content_json": "{\"pk\": 15, \"path\": \"0001000100040002\", \"depth\": 4, \"numchild\": 0, \"title\": \"Publication Two\", \"draft_title\": \"Publication Two\", \"slug\": \"publication-two\", \"content_type\": 23, \"live\": true, \"has_unpublished_changes\": false, \"url_path\": \"/home/publications-index-page/publication-two/\", \"owner\": 1, \"seo_title\": \"\", \"show_in_menus\": false, \"search_description\": \"\", \"go_live_at\": null, \"expire_at\": null, \"expired\": false, \"locked\": false, \"locked_at\": null, \"locked_by\": null, \"first_published_at\": null, \"last_published_at\": null, \"latest_revision_created_at\": null, \"live_revision\": null, \"body\": \"<p>Publication two content</p>\", \"documents\": \"[]\", \"wp_id\": 0, \"source\": \"root\", \"wp_slug\": \"\", \"wp_link\": \"\", \"component_fields\": \"\", \"author\": \"\", \"publication_publication_type_relationship\": [{\"pk\": 2, \"publication\": 15, \"publication_type\": 2}], \"publication_category_relationship\": [{\"pk\": 2, \"publication\": 15, \"category\": 2}]}",
    "approved_go_live_at": null
  }
},
{
  "model": "wagtailcore.pagerevision",
  "pk": 22,
  "fields": {
    "page": 3,
    "submitted_for_moderation": false,
    "created_at": "2021-02-04T17:52:58.957Z",
    "user": [
      "admin"
    ],
    "content_json": "{\"pk\": 3, \"path\": \"00010001\", \"depth\": 2, \"numchild\": 4, \"title\": \"Home\", \"draft_title\": \"Home\", \"slug\": \"home\", \"content_type\": 4, \"live\": true, \"has_unpublished_changes\": false, \"url_path\": \"/home/\", \"owner\": null, \"seo_title\": \"\", \"show_in_menus\": false, \"search_description\": \"\", \"go_live_at\": null, \"expire_at\": null, \"expired\": false, \"locked\": false, \"locked_at\": null, \"locked_by\": null, \"first_published_at\": \"2021-02-04T13:53:16.604Z\", \"last_published_at\": \"2021-02-04T17:14:09.097Z\", \"latest_revision_created_at\": \"2021-02-04T17:14:09.049Z\", \"live_revision\": 5, \"hero_text\": \"Hero text content\", \"hero_heading\": \"Hero Heading\", \"hero_image\": 1, \"body\": \"[{\\\"type\\\": \\\"promo_group\\\", \\\"value\\\": {\\\"column\\\": \\\"one-half\\\", \\\"size\\\": \\\"\\\", \\\"heading_level\\\": 3, \\\"promos\\\": [{\\\"url\\\": \\\"http://www.example.com\\\", \\\"heading\\\": \\\"Promo One Heading\\\", \\\"description\\\": \\\"Promo one content\\\", \\\"content_image\\\": null, \\\"alt_text\\\": \\\"\\\"}, {\\\"url\\\": \\\"http://www.example.com\\\", \\\"heading\\\": \\\"Promo Two Heading\\\", \\\"description\\\": \\\"Promo two content has an image\\\", \\\"content_image\\\": 1, \\\"alt_text\\\": \\\"promo two alt text\\\"}, {\\\"url\\\": \\\"http://localhost:8000/publications-index-page/\\\", \\\"heading\\\": \\\"Publications\\\", \\\"description\\\": \\\"Publications description\\\", \\\"content_image\\\": null, \\\"alt_text\\\": \\\"\\\"}]}, \\\"id\\\": \\\"648916d9-0507-4db9-b4e6-94211cd921fe\\\"}, {\\\"type\\\": \\\"warning_callout\\\", \\\"value\\\": {\\\"title\\\": \\\"Callout title?\\\", \\\"heading_level\\\": 3, \\\"body\\\": \\\"<p>Callout content</p><p><a id=\\\\\\\"3\\\\\\\" linktype=\\\\\\\"page\\\\\\\">Callout Link</a></p>\\\"}, \\\"id\\\": \\\"b77dcb0a-4e82-4df6-bf33-f3f99155f342\\\"}]\"}",
    "approved_go_live_at": null
  }
},
{
  "model": "wagtailcore.pagerevision",
  "pk": 23,
  "fields": {
    "page": 3,
    "submitted_for_moderation": false,
    "created_at": "2021-02-04T17:54:31.430Z",
    "user": [
      "admin"
    ],
    "content_json": "{\"pk\": 3, \"path\": \"00010001\", \"depth\": 2, \"numchild\": 4, \"title\": \"Home\", \"draft_title\": \"Home\", \"slug\": \"home\", \"content_type\": 4, \"live\": true, \"has_unpublished_changes\": false, \"url_path\": \"/home/\", \"owner\": null, \"seo_title\": \"\", \"show_in_menus\": false, \"search_description\": \"\", \"go_live_at\": null, \"expire_at\": null, \"expired\": false, \"locked\": false, \"locked_at\": null, \"locked_by\": null, \"first_published_at\": \"2021-02-04T13:53:16.604Z\", \"last_published_at\": \"2021-02-04T17:52:58.980Z\", \"latest_revision_created_at\": \"2021-02-04T17:52:58.957Z\", \"live_revision\": 22, \"hero_text\": \"Hero text content\", \"hero_heading\": \"Hero Heading\", \"hero_image\": 1, \"body\": \"[{\\\"type\\\": \\\"promo_group\\\", \\\"value\\\": {\\\"column\\\": \\\"one-half\\\", \\\"size\\\": \\\"\\\", \\\"heading_level\\\": 3, \\\"promos\\\": [{\\\"url\\\": \\\"http://www.example.com\\\", \\\"heading\\\": \\\"Promo One Heading\\\", \\\"description\\\": \\\"Promo one content\\\", \\\"content_image\\\": null, \\\"alt_text\\\": \\\"\\\"}, {\\\"url\\\": \\\"http://www.example.com\\\", \\\"heading\\\": \\\"Promo Two Heading\\\", \\\"description\\\": \\\"Promo two content has an image\\\", \\\"content_image\\\": 1, \\\"alt_text\\\": \\\"promo two alt text\\\"}]}, \\\"id\\\": \\\"648916d9-0507-4db9-b4e6-94211cd921fe\\\"}, {\\\"type\\\": \\\"text\\\", \\\"value\\\": \\\"<p><a id=\\\\\\\"13\\\\\\\" linktype=\\\\\\\"page\\\\\\\">Publications</a></p><p><a id=\\\\\\\"8\\\\\\\" linktype=\\\\\\\"page\\\\\\\">Atlas Case Studies</a></p><p><a id=\\\\\\\"4\\\\\\\" linktype=\\\\\\\"page\\\\\\\">Blogs</a></p><p><a id=\\\\\\\"10\\\\\\\" linktype=\\\\\\\"page\\\\\\\">News (posts)</a></p>\\\", \\\"id\\\": \\\"9e13d127-cce8-45ba-b5cb-aa0a101bf08e\\\"}, {\\\"type\\\": \\\"warning_callout\\\", \\\"value\\\": {\\\"title\\\": \\\"Callout title?\\\", \\\"heading_level\\\": 3, \\\"body\\\": \\\"<p>Callout content</p><p><a id=\\\\\\\"3\\\\\\\" linktype=\\\\\\\"page\\\\\\\">Callout Link</a></p>\\\"}, \\\"id\\\": \\\"b77dcb0a-4e82-4df6-bf33-f3f99155f342\\\"}]\"}",
    "approved_go_live_at": null
  }
},
{
  "model": "wagtailcore.pagerevision",
  "pk": 24,
  "fields": {
    "page": 3,
    "submitted_for_moderation": false,
    "created_at": "2021-02-04T17:55:05.909Z",
    "user": [
      "admin"
    ],
    "content_json": "{\"pk\": 3, \"path\": \"00010001\", \"depth\": 2, \"numchild\": 4, \"title\": \"Home\", \"draft_title\": \"Home\", \"slug\": \"home\", \"content_type\": 4, \"live\": true, \"has_unpublished_changes\": false, \"url_path\": \"/home/\", \"owner\": null, \"seo_title\": \"\", \"show_in_menus\": false, \"search_description\": \"\", \"go_live_at\": null, \"expire_at\": null, \"expired\": false, \"locked\": false, \"locked_at\": null, \"locked_by\": null, \"first_published_at\": \"2021-02-04T13:53:16.604Z\", \"last_published_at\": \"2021-02-04T17:54:31.464Z\", \"latest_revision_created_at\": \"2021-02-04T17:54:31.430Z\", \"live_revision\": 23, \"hero_text\": \"Hero text content\", \"hero_heading\": \"Hero Heading\", \"hero_image\": 1, \"body\": \"[{\\\"type\\\": \\\"promo_group\\\", \\\"value\\\": {\\\"column\\\": \\\"one-half\\\", \\\"size\\\": \\\"\\\", \\\"heading_level\\\": 3, \\\"promos\\\": [{\\\"url\\\": \\\"http://www.example.com\\\", \\\"heading\\\": \\\"Promo One Heading\\\", \\\"description\\\": \\\"Promo one content\\\", \\\"content_image\\\": null, \\\"alt_text\\\": \\\"\\\"}, {\\\"url\\\": \\\"http://www.example.com\\\", \\\"heading\\\": \\\"Promo Two Heading\\\", \\\"description\\\": \\\"Promo two content has an image\\\", \\\"content_image\\\": 1, \\\"alt_text\\\": \\\"promo two alt text\\\"}]}, \\\"id\\\": \\\"648916d9-0507-4db9-b4e6-94211cd921fe\\\"}, {\\\"type\\\": \\\"text\\\", \\\"value\\\": \\\"<p><a id=\\\\\\\"13\\\\\\\" linktype=\\\\\\\"page\\\\\\\">Publications</a></p><p><a id=\\\\\\\"8\\\\\\\" linktype=\\\\\\\"page\\\\\\\">Atlas Case Studies</a></p><p><a id=\\\\\\\"4\\\\\\\" linktype=\\\\\\\"page\\\\\\\">Blogs</a></p><p><a id=\\\\\\\"10\\\\\\\" linktype=\\\\\\\"page\\\\\\\">News (posts)</a></p>\\\", \\\"id\\\": \\\"9e13d127-cce8-45ba-b5cb-aa0a101bf08e\\\"}, {\\\"type\\\": \\\"warning_callout\\\", \\\"value\\\": {\\\"title\\\": \\\"Callout title?\\\", \\\"heading_level\\\": 3, \\\"body\\\": \\\"<p>Callout content</p><p><a id=\\\\\\\"3\\\\\\\" linktype=\\\\\\\"page\\\\\\\">Callout Link</a></p>\\\"}, \\\"id\\\": \\\"b77dcb0a-4e82-4df6-bf33-f3f99155f342\\\"}]\"}",
    "approved_go_live_at": null
  }
},
{
  "model": "wagtailcore.pagerevision",
  "pk": 25,
  "fields": {
    "page": 3,
    "submitted_for_moderation": false,
    "created_at": "2021-02-04T17:55:57.614Z",
    "user": [
      "admin"
    ],
    "content_json": "{\"pk\": 3, \"path\": \"00010001\", \"depth\": 2, \"numchild\": 4, \"title\": \"Home\", \"draft_title\": \"Home\", \"slug\": \"home\", \"content_type\": 4, \"live\": true, \"has_unpublished_changes\": false, \"url_path\": \"/home/\", \"owner\": null, \"seo_title\": \"\", \"show_in_menus\": false, \"search_description\": \"\", \"go_live_at\": null, \"expire_at\": null, \"expired\": false, \"locked\": false, \"locked_at\": null, \"locked_by\": null, \"first_published_at\": \"2021-02-04T13:53:16.604Z\", \"last_published_at\": \"2021-02-04T17:55:05.936Z\", \"latest_revision_created_at\": \"2021-02-04T17:55:05.909Z\", \"live_revision\": 24, \"hero_text\": \"Hero text content\", \"hero_heading\": \"Hero Heading\", \"hero_image\": 1, \"body\": \"[{\\\"type\\\": \\\"promo_group\\\", \\\"value\\\": {\\\"column\\\": \\\"one-half\\\", \\\"size\\\": \\\"\\\", \\\"heading_level\\\": 3, \\\"promos\\\": [{\\\"url\\\": \\\"http://www.example.com\\\", \\\"heading\\\": \\\"Promo One Heading\\\", \\\"description\\\": \\\"Promo one content\\\", \\\"content_image\\\": null, \\\"alt_text\\\": \\\"\\\"}, {\\\"url\\\": \\\"http://www.example.com\\\", \\\"heading\\\": \\\"Promo Two Heading\\\", \\\"description\\\": \\\"Promo two content has an image\\\", \\\"content_image\\\": 1, \\\"alt_text\\\": \\\"promo two alt text\\\"}]}, \\\"id\\\": \\\"648916d9-0507-4db9-b4e6-94211cd921fe\\\"}, {\\\"type\\\": \\\"text\\\", \\\"value\\\": \\\"<p>We cant test blocks that should lead to a wagtail page until the wagtail-nhs-frontend package is updated</p><p><a id=\\\\\\\"13\\\\\\\" linktype=\\\\\\\"page\\\\\\\">Publications</a></p><p><a id=\\\\\\\"8\\\\\\\" linktype=\\\\\\\"page\\\\\\\">Atlas Case Studies</a></p><p><a id=\\\\\\\"4\\\\\\\" linktype=\\\\\\\"page\\\\\\\">Blogs</a></p><p><a id=\\\\\\\"10\\\\\\\" linktype=\\\\\\\"page\\\\\\\">News (posts)</a></p>\\\", \\\"id\\\": \\\"9e13d127-cce8-45ba-b5cb-aa0a101bf08e\\\"}, {\\\"type\\\": \\\"warning_callout\\\", \\\"value\\\": {\\\"title\\\": \\\"Callout title?\\\", \\\"heading_level\\\": 3, \\\"body\\\": \\\"<p>Callout content</p><p><a id=\\\\\\\"3\\\\\\\" linktype=\\\\\\\"page\\\\\\\">Callout Link</a></p>\\\"}, \\\"id\\\": \\\"b77dcb0a-4e82-4df6-bf33-f3f99155f342\\\"}]\"}",
    "approved_go_live_at": null
  }
},
{
  "model": "wagtailcore.pagerevision",
  "pk": 26,
  "fields": {
    "page": 16,
    "submitted_for_moderation": false,
    "created_at": "2021-02-04T17:57:00.849Z",
    "user": [
      "admin"
    ],
    "content_json": "{\"pk\": 16, \"path\": \"000100010005\", \"depth\": 3, \"numchild\": 0, \"title\": \"Component Page\", \"draft_title\": \"Component Page\", \"slug\": \"component-page\", \"content_type\": 20, \"live\": true, \"has_unpublished_changes\": false, \"url_path\": \"/home/component-page/\", \"owner\": 1, \"seo_title\": \"\", \"show_in_menus\": false, \"search_description\": \"\", \"go_live_at\": null, \"expire_at\": null, \"expired\": false, \"locked\": false, \"locked_at\": null, \"locked_by\": null, \"first_published_at\": null, \"last_published_at\": null, \"latest_revision_created_at\": null, \"live_revision\": null, \"md_owner\": \"\", \"md_description\": \"\", \"md_gateway_ref\": \"\", \"md_pcc_reference\": \"\", \"excerpt\": \"\", \"body\": \"[]\", \"wp_id\": 0, \"parent\": null, \"source\": \"rooot\", \"wp_template\": null, \"wp_slug\": \"component-page\", \"real_parent\": null, \"wp_link\": \"\", \"raw_content\": null, \"model_fields\": \"\", \"content_fields\": \"\", \"content_field_blocks\": \"\", \"component_fields\": \"\", \"author\": \"\"}",
    "approved_go_live_at": null
  }
},
{
  "model": "wagtailcore.pagerevision",
  "pk": 27,
  "fields": {
    "page": 16,
    "submitted_for_moderation": false,
    "created_at": "2021-02-04T17:57:36.161Z",
    "user": [
      "admin"
    ],
    "content_json": "{\"pk\": 16, \"path\": \"000100010005\", \"depth\": 3, \"numchild\": 0, \"title\": \"Component Page\", \"draft_title\": \"Component Page\", \"slug\": \"component-page\", \"content_type\": 20, \"live\": true, \"has_unpublished_changes\": false, \"url_path\": \"/home/component-page/\", \"owner\": 1, \"seo_title\": \"\", \"show_in_menus\": false, \"search_description\": \"\", \"go_live_at\": null, \"expire_at\": null, \"expired\": false, \"locked\": false, \"locked_at\": null, \"locked_by\": null, \"first_published_at\": \"2021-02-04T17:57:00.874Z\", \"last_published_at\": \"2021-02-04T17:57:00.874Z\", \"latest_revision_created_at\": \"2021-02-04T17:57:00.849Z\", \"live_revision\": 26, \"md_owner\": \"\", \"md_description\": \"\", \"md_gateway_ref\": \"\", \"md_pcc_reference\": \"\", \"excerpt\": \"\", \"body\": \"[{\\\"type\\\": \\\"recent_posts\\\", \\\"value\\\": {\\\"title\\\": \\\"Recent Posts\\\", \\\"type\\\": [\\\"post\\\", \\\"blog\\\"], \\\"num_posts\\\": 6, \\\"see_all_posts\\\": true, \\\"see_all_blogs\\\": true}, \\\"id\\\": \\\"5425d99f-d70e-472f-bde1-4ca6784fd13d\\\"}]\", \"wp_id\": 0, \"parent\": null, \"source\": \"rooot\", \"wp_template\": null, \"wp_slug\": \"component-page\", \"real_parent\": null, \"wp_link\": \"\", \"raw_content\": null, \"model_fields\": \"\", \"content_fields\": \"\", \"content_field_blocks\": \"\", \"component_fields\": \"\", \"author\": \"\"}",
    "approved_go_live_at": null
  }
},
{
  "model": "wagtailcore.pagerevision",
  "pk": 28,
  "fields": {
    "page": 16,
    "submitted_for_moderation": false,
    "created_at": "2021-02-04T17:58:35.696Z",
    "user": [
      "admin"
    ],
    "content_json": "{\"pk\": 16, \"path\": \"000100010005\", \"depth\": 3, \"numchild\": 0, \"title\": \"Component Page\", \"draft_title\": \"Component Page\", \"slug\": \"component-page\", \"content_type\": 20, \"live\": true, \"has_unpublished_changes\": false, \"url_path\": \"/home/component-page/\", \"owner\": 1, \"seo_title\": \"\", \"show_in_menus\": false, \"search_description\": \"\", \"go_live_at\": null, \"expire_at\": null, \"expired\": false, \"locked\": false, \"locked_at\": null, \"locked_by\": null, \"first_published_at\": \"2021-02-04T17:57:00.874Z\", \"last_published_at\": \"2021-02-04T17:57:36.189Z\", \"latest_revision_created_at\": \"2021-02-04T17:57:36.161Z\", \"live_revision\": 27, \"md_owner\": \"\", \"md_description\": \"\", \"md_gateway_ref\": \"\", \"md_pcc_reference\": \"\", \"excerpt\": \"\", \"body\": \"[{\\\"type\\\": \\\"recent_posts\\\", \\\"value\\\": {\\\"title\\\": \\\"Recent Posts\\\", \\\"type\\\": [\\\"post\\\", \\\"blog\\\"], \\\"num_posts\\\": 6, \\\"see_all_posts\\\": true, \\\"see_all_blogs\\\": true}, \\\"id\\\": \\\"5425d99f-d70e-472f-bde1-4ca6784fd13d\\\"}, {\\\"type\\\": \\\"text\\\", \\\"value\\\": \\\"<p>Test this page for the Recent Posts panel above</p>\\\", \\\"id\\\": \\\"ec8bd714-10a6-45a0-88be-0c61a03f2b38\\\"}]\", \"wp_id\": 0, \"parent\": null, \"source\": \"rooot\", \"wp_template\": null, \"wp_slug\": \"component-page\", \"real_parent\": null, \"wp_link\": \"\", \"raw_content\": null, \"model_fields\": \"\", \"content_fields\": \"\", \"content_field_blocks\": \"\", \"component_fields\": \"\", \"author\": \"\"}",
    "approved_go_live_at": null
  }
},
{
  "model": "wagtailcore.pagerevision",
  "pk": 29,
  "fields": {
    "page": 17,
    "submitted_for_moderation": false,
    "created_at": "2021-02-04T18:00:07.677Z",
    "user": [
      "admin"
    ],
    "content_json": "{\"pk\": 17, \"path\": \"000100010006\", \"depth\": 3, \"numchild\": 0, \"title\": \"Base Page\", \"draft_title\": \"Base Page\", \"slug\": \"base-page\", \"content_type\": 19, \"live\": true, \"has_unpublished_changes\": false, \"url_path\": \"/home/base-page/\", \"owner\": 1, \"seo_title\": \"\", \"show_in_menus\": false, \"search_description\": \"\", \"go_live_at\": null, \"expire_at\": null, \"expired\": false, \"locked\": false, \"locked_at\": null, \"locked_by\": null, \"first_published_at\": null, \"last_published_at\": null, \"latest_revision_created_at\": null, \"live_revision\": null, \"md_owner\": \"\", \"md_description\": \"\", \"md_gateway_ref\": \"\", \"md_pcc_reference\": \"\", \"excerpt\": \"\", \"body\": \"[{\\\"type\\\": \\\"action_link\\\", \\\"value\\\": {\\\"text\\\": \\\"Example Link\\\", \\\"external_url\\\": \\\"http://www.example.com\\\", \\\"new_window\\\": false}, \\\"id\\\": \\\"9f33448f-350a-4c42-98ef-47c67167a449\\\"}, {\\\"type\\\": \\\"action_link\\\", \\\"value\\\": {\\\"text\\\": \\\"Example Link New Window\\\", \\\"external_url\\\": \\\"http://www.example.com\\\", \\\"new_window\\\": true}, \\\"id\\\": \\\"743a772c-8547-4055-bf5b-077fbcd63e38\\\"}]\", \"wp_id\": 0, \"parent\": null, \"source\": \"root\", \"wp_template\": null, \"wp_slug\": \"base-page\", \"real_parent\": null, \"wp_link\": \"\", \"raw_content\": \"\", \"model_fields\": \"\", \"content_fields\": \"\", \"content_field_blocks\": \"\", \"component_fields\": \"\", \"author\": \"\"}",
    "approved_go_live_at": null
  }
},
{
  "model": "wagtailcore.pagerevision",
  "pk": 30,
  "fields": {
    "page": 17,
    "submitted_for_moderation": false,
    "created_at": "2021-02-04T18:00:42.699Z",
    "user": [
      "admin"
    ],
    "content_json": "{\"pk\": 17, \"path\": \"000100010006\", \"depth\": 3, \"numchild\": 0, \"title\": \"Base Page\", \"draft_title\": \"Base Page\", \"slug\": \"base-page\", \"content_type\": 19, \"live\": true, \"has_unpublished_changes\": false, \"url_path\": \"/home/base-page/\", \"owner\": 1, \"seo_title\": \"\", \"show_in_menus\": false, \"search_description\": \"\", \"go_live_at\": null, \"expire_at\": null, \"expired\": false, \"locked\": false, \"locked_at\": null, \"locked_by\": null, \"first_published_at\": \"2021-02-04T18:00:07.699Z\", \"last_published_at\": \"2021-02-04T18:00:07.699Z\", \"latest_revision_created_at\": \"2021-02-04T18:00:07.677Z\", \"live_revision\": 29, \"md_owner\": \"\", \"md_description\": \"\", \"md_gateway_ref\": \"\", \"md_pcc_reference\": \"\", \"excerpt\": \"\", \"body\": \"[{\\\"type\\\": \\\"text\\\", \\\"value\\\": \\\"<p>Test this page for every possible lock type</p>\\\", \\\"id\\\": \\\"8654000b-5337-43e4-9692-7c28aeb80ca4\\\"}, {\\\"type\\\": \\\"action_link\\\", \\\"value\\\": {\\\"text\\\": \\\"Example Link\\\", \\\"external_url\\\": \\\"http://www.example.com\\\", \\\"new_window\\\": false}, \\\"id\\\": \\\"9f33448f-350a-4c42-98ef-47c67167a449\\\"}, {\\\"type\\\": \\\"action_link\\\", \\\"value\\\": {\\\"text\\\": \\\"Example Link New Window\\\", \\\"external_url\\\": \\\"http://www.example.com\\\", \\\"new_window\\\": true}, \\\"id\\\": \\\"743a772c-8547-4055-bf5b-077fbcd63e38\\\"}]\", \"wp_id\": 0, \"parent\": null, \"source\": \"root\", \"wp_template\": null, \"wp_slug\": \"base-page\", \"real_parent\": null, \"wp_link\": \"\", \"raw_content\": \"\", \"model_fields\": \"\", \"content_fields\": \"\", \"content_field_blocks\": \"\", \"component_fields\": \"\", \"author\": \"\"}",
    "approved_go_live_at": null
  }
},
{
  "model": "wagtailcore.pagerevision",
  "pk": 31,
  "fields": {
    "page": 3,
    "submitted_for_moderation": false,
    "created_at": "2021-02-04T18:01:25.457Z",
    "user": [
      "admin"
    ],
    "content_json": "{\"pk\": 3, \"path\": \"00010001\", \"depth\": 2, \"numchild\": 6, \"title\": \"Home\", \"draft_title\": \"Home\", \"slug\": \"home\", \"content_type\": 4, \"live\": true, \"has_unpublished_changes\": false, \"url_path\": \"/home/\", \"owner\": null, \"seo_title\": \"\", \"show_in_menus\": false, \"search_description\": \"\", \"go_live_at\": null, \"expire_at\": null, \"expired\": false, \"locked\": false, \"locked_at\": null, \"locked_by\": null, \"first_published_at\": \"2021-02-04T13:53:16.604Z\", \"last_published_at\": \"2021-02-04T17:55:57.653Z\", \"latest_revision_created_at\": \"2021-02-04T17:55:57.614Z\", \"live_revision\": 25, \"hero_text\": \"Hero text content\", \"hero_heading\": \"Hero Heading\", \"hero_image\": 1, \"body\": \"[{\\\"type\\\": \\\"promo_group\\\", \\\"value\\\": {\\\"column\\\": \\\"one-half\\\", \\\"size\\\": \\\"\\\", \\\"heading_level\\\": 3, \\\"promos\\\": [{\\\"url\\\": \\\"http://www.example.com\\\", \\\"heading\\\": \\\"Promo One Heading\\\", \\\"description\\\": \\\"Promo one content\\\", \\\"content_image\\\": null, \\\"alt_text\\\": \\\"\\\"}, {\\\"url\\\": \\\"http://www.example.com\\\", \\\"heading\\\": \\\"Promo Two Heading\\\", \\\"description\\\": \\\"Promo two content has an image\\\", \\\"content_image\\\": 1, \\\"alt_text\\\": \\\"promo two alt text\\\"}]}, \\\"id\\\": \\\"648916d9-0507-4db9-b4e6-94211cd921fe\\\"}, {\\\"type\\\": \\\"text\\\", \\\"value\\\": \\\"<p>We cant test blocks that should lead to a wagtail page until the wagtail-nhs-frontend package is updated</p><p><a id=\\\\\\\"13\\\\\\\" linktype=\\\\\\\"page\\\\\\\">Publications</a></p><p><a id=\\\\\\\"8\\\\\\\" linktype=\\\\\\\"page\\\\\\\">Atlas Case Studies</a></p><p><a id=\\\\\\\"4\\\\\\\" linktype=\\\\\\\"page\\\\\\\">Blogs</a></p><p><a id=\\\\\\\"10\\\\\\\" linktype=\\\\\\\"page\\\\\\\">News (posts)</a></p><p><a id=\\\\\\\"17\\\\\\\" linktype=\\\\\\\"page\\\\\\\">Base Page (test this for all block types)</a></p>\\\", \\\"id\\\": \\\"9e13d127-cce8-45ba-b5cb-aa0a101bf08e\\\"}, {\\\"type\\\": \\\"warning_callout\\\", \\\"value\\\": {\\\"title\\\": \\\"Callout title?\\\", \\\"heading_level\\\": 3, \\\"body\\\": \\\"<p>Callout content</p><p><a id=\\\\\\\"3\\\\\\\" linktype=\\\\\\\"page\\\\\\\">Callout Link</a></p>\\\"}, \\\"id\\\": \\\"b77dcb0a-4e82-4df6-bf33-f3f99155f342\\\"}]\"}",
    "approved_go_live_at": null
  }
},
{
  "model": "wagtailcore.pagerevision",
  "pk": 32,
  "fields": {
    "page": 17,
    "submitted_for_moderation": false,
    "created_at": "2021-02-04T21:33:37.404Z",
    "user": [
      "admin"
    ],
    "content_json": "{\"pk\": 17, \"path\": \"000100010006\", \"depth\": 3, \"numchild\": 0, \"title\": \"Base Page\", \"draft_title\": \"Base Page\", \"slug\": \"base-page\", \"content_type\": 19, \"live\": true, \"has_unpublished_changes\": false, \"url_path\": \"/home/base-page/\", \"owner\": 1, \"seo_title\": \"\", \"show_in_menus\": false, \"search_description\": \"\", \"go_live_at\": null, \"expire_at\": null, \"expired\": false, \"locked\": false, \"locked_at\": null, \"locked_by\": null, \"first_published_at\": \"2021-02-04T18:00:07.699Z\", \"last_published_at\": \"2021-02-04T18:00:42.730Z\", \"latest_revision_created_at\": \"2021-02-04T18:00:42.699Z\", \"live_revision\": 30, \"md_owner\": \"\", \"md_description\": \"\", \"md_gateway_ref\": \"\", \"md_pcc_reference\": \"\", \"excerpt\": \"\", \"body\": \"[{\\\"type\\\": \\\"text\\\", \\\"value\\\": \\\"<p>Test this page for every possible block type</p>\\\", \\\"id\\\": \\\"8654000b-5337-43e4-9692-7c28aeb80ca4\\\"}, {\\\"type\\\": \\\"action_link\\\", \\\"value\\\": {\\\"text\\\": \\\"Example Link\\\", \\\"external_url\\\": \\\"http://www.example.com\\\", \\\"new_window\\\": false}, \\\"id\\\": \\\"9f33448f-350a-4c42-98ef-47c67167a449\\\"}, {\\\"type\\\": \\\"action_link\\\", \\\"value\\\": {\\\"text\\\": \\\"Example Link New Window\\\", \\\"external_url\\\": \\\"http://www.example.com\\\", \\\"new_window\\\": true}, \\\"id\\\": \\\"743a772c-8547-4055-bf5b-077fbcd63e38\\\"}, {\\\"type\\\": \\\"care_card\\\", \\\"value\\\": {\\\"type\\\": \\\"primary\\\", \\\"heading_level\\\": 3, \\\"title\\\": \\\"Care Card\\\", \\\"body\\\": [{\\\"type\\\": \\\"richtext\\\", \\\"value\\\": \\\"<p>Rich text block</p>\\\", \\\"id\\\": \\\"3919b6f1-a7b3-427f-ba1c-2a67fb4733bc\\\"}, {\\\"type\\\": \\\"action_link\\\", \\\"value\\\": {\\\"text\\\": \\\"Action Link\\\", \\\"external_url\\\": \\\"http://www.example.com\\\", \\\"new_window\\\": false}, \\\"id\\\": \\\"b777f605-bde8-4a7b-b238-4c0dc67d8923\\\"}, {\\\"type\\\": \\\"details\\\", \\\"value\\\": {\\\"title\\\": \\\"Details block\\\", \\\"body\\\": [{\\\"type\\\": \\\"richtext\\\", \\\"value\\\": \\\"<p>Details block body</p>\\\", \\\"id\\\": \\\"eb714170-2377-410a-9404-ba0aa0f022df\\\"}]}, \\\"id\\\": \\\"f3f2358b-9712-41fb-9ddc-031608723350\\\"}]}, \\\"id\\\": \\\"beed9ad4-8938-436b-ae70-f87fb7d6927f\\\"}]\", \"wp_id\": 0, \"parent\": null, \"source\": \"root\", \"wp_template\": null, \"wp_slug\": \"base-page\", \"real_parent\": null, \"wp_link\": \"\", \"raw_content\": \"\", \"model_fields\": \"\", \"content_fields\": \"\", \"content_field_blocks\": \"\", \"component_fields\": \"\", \"author\": \"\"}",
    "approved_go_live_at": null
  }
},
{
  "model": "wagtailcore.pagerevision",
  "pk": 33,
  "fields": {
    "page": 17,
    "submitted_for_moderation": false,
    "created_at": "2021-02-04T21:38:04.222Z",
    "user": [
      "admin"
    ],
    "content_json": "{\"pk\": 17, \"path\": \"000100010006\", \"depth\": 3, \"numchild\": 0, \"title\": \"Base Page\", \"draft_title\": \"Base Page\", \"slug\": \"base-page\", \"content_type\": 19, \"live\": true, \"has_unpublished_changes\": false, \"url_path\": \"/home/base-page/\", \"owner\": 1, \"seo_title\": \"\", \"show_in_menus\": false, \"search_description\": \"\", \"go_live_at\": null, \"expire_at\": null, \"expired\": false, \"locked\": false, \"locked_at\": null, \"locked_by\": null, \"first_published_at\": \"2021-02-04T18:00:07.699Z\", \"last_published_at\": \"2021-02-04T21:33:37.435Z\", \"latest_revision_created_at\": \"2021-02-04T21:33:37.404Z\", \"live_revision\": 32, \"md_owner\": \"\", \"md_description\": \"\", \"md_gateway_ref\": \"\", \"md_pcc_reference\": \"\", \"excerpt\": \"\", \"body\": \"[{\\\"type\\\": \\\"text\\\", \\\"value\\\": \\\"<p>Test this page for every possible block type</p><p>First block types are simple blocks e.g. they are not groups of blocks</p>\\\", \\\"id\\\": \\\"8654000b-5337-43e4-9692-7c28aeb80ca4\\\"}, {\\\"type\\\": \\\"action_link\\\", \\\"value\\\": {\\\"text\\\": \\\"Example Link\\\", \\\"external_url\\\": \\\"http://www.example.com\\\", \\\"new_window\\\": false}, \\\"id\\\": \\\"9f33448f-350a-4c42-98ef-47c67167a449\\\"}, {\\\"type\\\": \\\"action_link\\\", \\\"value\\\": {\\\"text\\\": \\\"Example Link New Window\\\", \\\"external_url\\\": \\\"http://www.example.com\\\", \\\"new_window\\\": true}, \\\"id\\\": \\\"743a772c-8547-4055-bf5b-077fbcd63e38\\\"}, {\\\"type\\\": \\\"do_list\\\", \\\"value\\\": {\\\"heading_level\\\": 3, \\\"label\\\": \\\"Do list block\\\", \\\"do\\\": [\\\"<p>Do One</p>\\\", \\\"<p>Do two</p>\\\"]}, \\\"id\\\": \\\"540f7b1c-3fe9-4d67-9922-0e6877bf04c2\\\"}, {\\\"type\\\": \\\"dont_list\\\", \\\"value\\\": {\\\"heading_level\\\": 3, \\\"label\\\": \\\"Dont list block\\\", \\\"dont\\\": [\\\"<p>Dont one</p>\\\", \\\"<p>Dont two</p>\\\"]}, \\\"id\\\": \\\"e9917ac2-fb2c-497d-8da2-08d6ea082818\\\"}, {\\\"type\\\": \\\"inset_text\\\", \\\"value\\\": {\\\"body\\\": \\\"<p>Inset text block</p>\\\"}, \\\"id\\\": \\\"7d784af4-6434-44ed-aeea-f64b77a5ca29\\\"}, {\\\"type\\\": \\\"image\\\", \\\"value\\\": {\\\"content_image\\\": 1, \\\"alt_text\\\": \\\"Image alt\\\", \\\"caption\\\": \\\"Image block\\\"}, \\\"id\\\": \\\"ebe10dad-6a61-40fa-b3f7-d9f4586364d9\\\"}, {\\\"type\\\": \\\"panel\\\", \\\"value\\\": {\\\"label\\\": \\\"Panel blocks\\\", \\\"heading_level\\\": 3, \\\"body\\\": \\\"<p>Panel content</p>\\\"}, \\\"id\\\": \\\"2c4aa476-bca4-40b8-bb0f-d3e9a25ec94b\\\"}, {\\\"type\\\": \\\"panel_list\\\", \\\"value\\\": {\\\"panels\\\": [{\\\"left_panel\\\": {\\\"label\\\": \\\"Panel list block - left side\\\", \\\"heading_level\\\": 3, \\\"body\\\": \\\"<p>Panel list block left side content</p>\\\"}, \\\"right_panel\\\": {\\\"label\\\": \\\"Panel list block - right side\\\", \\\"heading_level\\\": 3, \\\"body\\\": \\\"<p>Panel list block right side content</p>\\\"}}]}, \\\"id\\\": \\\"4def2e4b-4012-4699-a31f-f9cdf76e7d86\\\"}]\", \"wp_id\": 0, \"parent\": null, \"source\": \"root\", \"wp_template\": null, \"wp_slug\": \"base-page\", \"real_parent\": null, \"wp_link\": \"\", \"raw_content\": \"\", \"model_fields\": \"\", \"content_fields\": \"\", \"content_field_blocks\": \"\", \"component_fields\": \"\", \"author\": \"\"}",
    "approved_go_live_at": null
  }
},
{
  "model": "wagtailcore.pagerevision",
  "pk": 34,
  "fields": {
    "page": 17,
    "submitted_for_moderation": false,
    "created_at": "2021-02-04T21:42:22.045Z",
    "user": [
      "admin"
    ],
    "content_json": "{\"pk\": 17, \"path\": \"000100010006\", \"depth\": 3, \"numchild\": 0, \"title\": \"Base Page\", \"draft_title\": \"Base Page\", \"slug\": \"base-page\", \"content_type\": 19, \"live\": true, \"has_unpublished_changes\": false, \"url_path\": \"/home/base-page/\", \"owner\": 1, \"seo_title\": \"\", \"show_in_menus\": false, \"search_description\": \"\", \"go_live_at\": null, \"expire_at\": null, \"expired\": false, \"locked\": false, \"locked_at\": null, \"locked_by\": null, \"first_published_at\": \"2021-02-04T18:00:07.699Z\", \"last_published_at\": \"2021-02-04T21:38:04.249Z\", \"latest_revision_created_at\": \"2021-02-04T21:38:04.222Z\", \"live_revision\": 33, \"md_owner\": \"\", \"md_description\": \"\", \"md_gateway_ref\": \"\", \"md_pcc_reference\": \"\", \"excerpt\": \"\", \"body\": \"[{\\\"type\\\": \\\"text\\\", \\\"value\\\": \\\"<p>Test this page for every possible block type</p><p>First block types are simple blocks e.g. they are not groups of blocks</p>\\\", \\\"id\\\": \\\"8654000b-5337-43e4-9692-7c28aeb80ca4\\\"}, {\\\"type\\\": \\\"action_link\\\", \\\"value\\\": {\\\"text\\\": \\\"Example Link\\\", \\\"external_url\\\": \\\"http://www.example.com\\\", \\\"new_window\\\": false}, \\\"id\\\": \\\"9f33448f-350a-4c42-98ef-47c67167a449\\\"}, {\\\"type\\\": \\\"action_link\\\", \\\"value\\\": {\\\"text\\\": \\\"Example Link New Window\\\", \\\"external_url\\\": \\\"http://www.example.com\\\", \\\"new_window\\\": true}, \\\"id\\\": \\\"743a772c-8547-4055-bf5b-077fbcd63e38\\\"}, {\\\"type\\\": \\\"do_list\\\", \\\"value\\\": {\\\"heading_level\\\": 3, \\\"label\\\": \\\"Do list block\\\", \\\"do\\\": [\\\"<p>Do One</p>\\\", \\\"<p>Do two</p>\\\"]}, \\\"id\\\": \\\"540f7b1c-3fe9-4d67-9922-0e6877bf04c2\\\"}, {\\\"type\\\": \\\"dont_list\\\", \\\"value\\\": {\\\"heading_level\\\": 3, \\\"label\\\": \\\"Dont list block\\\", \\\"dont\\\": [\\\"<p>Dont one</p>\\\", \\\"<p>Dont two</p>\\\"]}, \\\"id\\\": \\\"e9917ac2-fb2c-497d-8da2-08d6ea082818\\\"}, {\\\"type\\\": \\\"inset_text\\\", \\\"value\\\": {\\\"body\\\": \\\"<p>Inset text block</p>\\\"}, \\\"id\\\": \\\"7d784af4-6434-44ed-aeea-f64b77a5ca29\\\"}, {\\\"type\\\": \\\"image\\\", \\\"value\\\": {\\\"content_image\\\": 1, \\\"alt_text\\\": \\\"Image alt\\\", \\\"caption\\\": \\\"Image block\\\"}, \\\"id\\\": \\\"ebe10dad-6a61-40fa-b3f7-d9f4586364d9\\\"}, {\\\"type\\\": \\\"panel\\\", \\\"value\\\": {\\\"label\\\": \\\"Panel block\\\", \\\"heading_level\\\": 3, \\\"body\\\": \\\"<p>Panel block content</p>\\\"}, \\\"id\\\": \\\"2c4aa476-bca4-40b8-bb0f-d3e9a25ec94b\\\"}, {\\\"type\\\": \\\"panel_list\\\", \\\"value\\\": {\\\"panels\\\": [{\\\"left_panel\\\": {\\\"label\\\": \\\"Panel list block - left side\\\", \\\"heading_level\\\": 3, \\\"body\\\": \\\"<p>Panel list block left side content</p>\\\"}, \\\"right_panel\\\": {\\\"label\\\": \\\"Panel list block - right side\\\", \\\"heading_level\\\": 3, \\\"body\\\": \\\"<p>Panel list block right side content</p>\\\"}}]}, \\\"id\\\": \\\"4def2e4b-4012-4699-a31f-f9cdf76e7d86\\\"}, {\\\"type\\\": \\\"grey_panel\\\", \\\"value\\\": {\\\"label\\\": \\\"Grey panel block\\\", \\\"heading_level\\\": 3, \\\"body\\\": \\\"<p>Grey panel block content</p>\\\"}, \\\"id\\\": \\\"f5ed08b3-402a-4e46-a5bc-13da188f3d6e\\\"}, {\\\"type\\\": \\\"warning_callout\\\", \\\"value\\\": {\\\"title\\\": \\\"Warning callout block\\\", \\\"heading_level\\\": 3, \\\"body\\\": \\\"<p>Warning callout block content</p>\\\"}, \\\"id\\\": \\\"4b95c6cd-550b-45a6-91e8-f90556de28b4\\\"}, {\\\"type\\\": \\\"summary_list\\\", \\\"value\\\": {\\\"rows\\\": [{\\\"key\\\": \\\"Summary key\\\", \\\"value\\\": \\\"<p>Summary value</p>\\\"}, {\\\"key\\\": \\\"Summary key\\\", \\\"value\\\": \\\"<p>Summary value</p>\\\"}], \\\"no_border\\\": false}, \\\"id\\\": \\\"e0ff37c8-9ca3-4b90-8525-cc5cfda58454\\\"}, {\\\"type\\\": \\\"promo\\\", \\\"value\\\": {\\\"url\\\": \\\"http://www.example.com\\\", \\\"heading\\\": \\\"Promo\\\", \\\"description\\\": \\\"Promo block with image\\\", \\\"content_image\\\": 1, \\\"alt_text\\\": \\\"Promo alt text\\\", \\\"size\\\": \\\"\\\", \\\"heading_level\\\": 3}, \\\"id\\\": \\\"de35eaea-6e7d-4f65-bb43-ccb3aa9dad72\\\"}, {\\\"type\\\": \\\"html\\\", \\\"value\\\": \\\"<script>\\\\r\\\\nvar key=\\\\\\\"value\\\\\\\";\\\\r\\\\n</script>\\\", \\\"id\\\": \\\"70e71bbd-8c10-47bf-964d-f6ef1309f416\\\"}]\", \"wp_id\": 0, \"parent\": null, \"source\": \"root\", \"wp_template\": null, \"wp_slug\": \"base-page\", \"real_parent\": null, \"wp_link\": \"\", \"raw_content\": \"\", \"model_fields\": \"\", \"content_fields\": \"\", \"content_field_blocks\": \"\", \"component_fields\": \"\", \"author\": \"\"}",
    "approved_go_live_at": null
  }
},
{
  "model": "wagtailcore.pagerevision",
  "pk": 35,
  "fields": {
    "page": 17,
    "submitted_for_moderation": false,
    "created_at": "2021-02-04T21:45:52.214Z",
    "user": [
      "admin"
    ],
    "content_json": "{\"pk\": 17, \"path\": \"000100010006\", \"depth\": 3, \"numchild\": 0, \"title\": \"Base Page\", \"draft_title\": \"Base Page\", \"slug\": \"base-page\", \"content_type\": 19, \"live\": true, \"has_unpublished_changes\": false, \"url_path\": \"/home/base-page/\", \"owner\": 1, \"seo_title\": \"\", \"show_in_menus\": false, \"search_description\": \"\", \"go_live_at\": null, \"expire_at\": null, \"expired\": false, \"locked\": false, \"locked_at\": null, \"locked_by\": null, \"first_published_at\": \"2021-02-04T18:00:07.699Z\", \"last_published_at\": \"2021-02-04T21:42:22.078Z\", \"latest_revision_created_at\": \"2021-02-04T21:42:22.045Z\", \"live_revision\": 34, \"md_owner\": \"\", \"md_description\": \"\", \"md_gateway_ref\": \"\", \"md_pcc_reference\": \"\", \"excerpt\": \"\", \"body\": \"[{\\\"type\\\": \\\"text\\\", \\\"value\\\": \\\"<p>Test this page for every possible block type</p><p>First block types are simple blocks e.g. they are not groups of blocks</p>\\\", \\\"id\\\": \\\"8654000b-5337-43e4-9692-7c28aeb80ca4\\\"}, {\\\"type\\\": \\\"action_link\\\", \\\"value\\\": {\\\"text\\\": \\\"Example Link\\\", \\\"external_url\\\": \\\"http://www.example.com\\\", \\\"new_window\\\": false}, \\\"id\\\": \\\"9f33448f-350a-4c42-98ef-47c67167a449\\\"}, {\\\"type\\\": \\\"action_link\\\", \\\"value\\\": {\\\"text\\\": \\\"Example Link New Window\\\", \\\"external_url\\\": \\\"http://www.example.com\\\", \\\"new_window\\\": true}, \\\"id\\\": \\\"743a772c-8547-4055-bf5b-077fbcd63e38\\\"}, {\\\"type\\\": \\\"do_list\\\", \\\"value\\\": {\\\"heading_level\\\": 3, \\\"label\\\": \\\"Do list block\\\", \\\"do\\\": [\\\"<p>Do One</p>\\\", \\\"<p>Do two</p>\\\"]}, \\\"id\\\": \\\"540f7b1c-3fe9-4d67-9922-0e6877bf04c2\\\"}, {\\\"type\\\": \\\"dont_list\\\", \\\"value\\\": {\\\"heading_level\\\": 3, \\\"label\\\": \\\"Dont list block\\\", \\\"dont\\\": [\\\"<p>Dont one</p>\\\", \\\"<p>Dont two</p>\\\"]}, \\\"id\\\": \\\"e9917ac2-fb2c-497d-8da2-08d6ea082818\\\"}, {\\\"type\\\": \\\"inset_text\\\", \\\"value\\\": {\\\"body\\\": \\\"<p>Inset text block</p>\\\"}, \\\"id\\\": \\\"7d784af4-6434-44ed-aeea-f64b77a5ca29\\\"}, {\\\"type\\\": \\\"image\\\", \\\"value\\\": {\\\"content_image\\\": 1, \\\"alt_text\\\": \\\"Image alt\\\", \\\"caption\\\": \\\"Image block\\\"}, \\\"id\\\": \\\"ebe10dad-6a61-40fa-b3f7-d9f4586364d9\\\"}, {\\\"type\\\": \\\"panel\\\", \\\"value\\\": {\\\"label\\\": \\\"Panel block\\\", \\\"heading_level\\\": 3, \\\"body\\\": \\\"<p>Panel block content</p>\\\"}, \\\"id\\\": \\\"2c4aa476-bca4-40b8-bb0f-d3e9a25ec94b\\\"}, {\\\"type\\\": \\\"panel_list\\\", \\\"value\\\": {\\\"panels\\\": [{\\\"left_panel\\\": {\\\"label\\\": \\\"Panel list block - left side\\\", \\\"heading_level\\\": 3, \\\"body\\\": \\\"<p>Panel list block left side content</p>\\\"}, \\\"right_panel\\\": {\\\"label\\\": \\\"Panel list block - right side\\\", \\\"heading_level\\\": 3, \\\"body\\\": \\\"<p>Panel list block right side content</p>\\\"}}]}, \\\"id\\\": \\\"4def2e4b-4012-4699-a31f-f9cdf76e7d86\\\"}, {\\\"type\\\": \\\"grey_panel\\\", \\\"value\\\": {\\\"label\\\": \\\"Grey panel block\\\", \\\"heading_level\\\": 3, \\\"body\\\": \\\"<p>Grey panel block content</p>\\\"}, \\\"id\\\": \\\"f5ed08b3-402a-4e46-a5bc-13da188f3d6e\\\"}, {\\\"type\\\": \\\"warning_callout\\\", \\\"value\\\": {\\\"title\\\": \\\"Warning callout block\\\", \\\"heading_level\\\": 3, \\\"body\\\": \\\"<p>Warning callout block content</p>\\\"}, \\\"id\\\": \\\"4b95c6cd-550b-45a6-91e8-f90556de28b4\\\"}, {\\\"type\\\": \\\"summary_list\\\", \\\"value\\\": {\\\"rows\\\": [{\\\"key\\\": \\\"Summary key\\\", \\\"value\\\": \\\"<p>Summary value</p>\\\"}, {\\\"key\\\": \\\"Summary key\\\", \\\"value\\\": \\\"<p>Summary value</p>\\\"}], \\\"no_border\\\": false}, \\\"id\\\": \\\"e0ff37c8-9ca3-4b90-8525-cc5cfda58454\\\"}, {\\\"type\\\": \\\"promo\\\", \\\"value\\\": {\\\"url\\\": \\\"http://www.example.com\\\", \\\"heading\\\": \\\"Promo\\\", \\\"description\\\": \\\"Promo block with image\\\", \\\"content_image\\\": 1, \\\"alt_text\\\": \\\"Promo alt text\\\", \\\"size\\\": \\\"\\\", \\\"heading_level\\\": 3}, \\\"id\\\": \\\"de35eaea-6e7d-4f65-bb43-ccb3aa9dad72\\\"}, {\\\"type\\\": \\\"html\\\", \\\"value\\\": \\\"<script>\\\\r\\\\nvar key=\\\\\\\"value\\\\\\\";\\\\r\\\\n</script>\\\", \\\"id\\\": \\\"70e71bbd-8c10-47bf-964d-f6ef1309f416\\\"}, {\\\"type\\\": \\\"text\\\", \\\"value\\\": \\\"<p></p><hr/><p></p>\\\", \\\"id\\\": \\\"1a7478db-62d9-4aee-b5f4-a00143038625\\\"}, {\\\"type\\\": \\\"details\\\", \\\"value\\\": {\\\"title\\\": \\\"Details block with rich text\\\", \\\"body\\\": [{\\\"type\\\": \\\"richtext\\\", \\\"value\\\": \\\"<p>Example rich text</p>\\\", \\\"id\\\": \\\"d956c2e7-4005-49d6-968e-a4a2e983e715\\\"}]}, \\\"id\\\": \\\"d0b15918-dc60-42c8-b96a-d101a7da5c21\\\"}, {\\\"type\\\": \\\"expander\\\", \\\"value\\\": {\\\"title\\\": \\\"Expander block with rich text\\\", \\\"body\\\": [{\\\"type\\\": \\\"richtext\\\", \\\"value\\\": \\\"<p>Example expander block content</p>\\\", \\\"id\\\": \\\"38a98b26-33bb-475d-bbd9-ad41e7adff7a\\\"}, {\\\"type\\\": \\\"richtext\\\", \\\"value\\\": \\\"<p>Example expander block content</p>\\\", \\\"id\\\": \\\"974daf4a-c811-43db-a158-fa434dfe563d\\\"}]}, \\\"id\\\": \\\"a1555202-3034-4a43-aeea-7e6fce38953a\\\"}]\", \"wp_id\": 0, \"parent\": null, \"source\": \"root\", \"wp_template\": null, \"wp_slug\": \"base-page\", \"real_parent\": null, \"wp_link\": \"\", \"raw_content\": \"\", \"model_fields\": \"\", \"content_fields\": \"\", \"content_field_blocks\": \"\", \"component_fields\": \"\", \"author\": \"\"}",
    "approved_go_live_at": null
  }
},
{
  "model": "wagtailcore.pagerevision",
  "pk": 36,
  "fields": {
    "page": 17,
    "submitted_for_moderation": false,
    "created_at": "2021-02-04T21:48:18.268Z",
    "user": [
      "admin"
    ],
    "content_json": "{\"pk\": 17, \"path\": \"000100010006\", \"depth\": 3, \"numchild\": 0, \"title\": \"Base Page\", \"draft_title\": \"Base Page\", \"slug\": \"base-page\", \"content_type\": 19, \"live\": true, \"has_unpublished_changes\": false, \"url_path\": \"/home/base-page/\", \"owner\": 1, \"seo_title\": \"\", \"show_in_menus\": false, \"search_description\": \"\", \"go_live_at\": null, \"expire_at\": null, \"expired\": false, \"locked\": false, \"locked_at\": null, \"locked_by\": null, \"first_published_at\": \"2021-02-04T18:00:07.699Z\", \"last_published_at\": \"2021-02-04T21:45:52.245Z\", \"latest_revision_created_at\": \"2021-02-04T21:45:52.214Z\", \"live_revision\": 35, \"md_owner\": \"\", \"md_description\": \"\", \"md_gateway_ref\": \"\", \"md_pcc_reference\": \"\", \"excerpt\": \"\", \"body\": \"[{\\\"type\\\": \\\"text\\\", \\\"value\\\": \\\"<p>Test this page for every possible block type</p><p>First block types are simple blocks e.g. they are not groups of blocks</p>\\\", \\\"id\\\": \\\"8654000b-5337-43e4-9692-7c28aeb80ca4\\\"}, {\\\"type\\\": \\\"action_link\\\", \\\"value\\\": {\\\"text\\\": \\\"Example Link\\\", \\\"external_url\\\": \\\"http://www.example.com\\\", \\\"new_window\\\": false}, \\\"id\\\": \\\"9f33448f-350a-4c42-98ef-47c67167a449\\\"}, {\\\"type\\\": \\\"action_link\\\", \\\"value\\\": {\\\"text\\\": \\\"Example Link New Window\\\", \\\"external_url\\\": \\\"http://www.example.com\\\", \\\"new_window\\\": true}, \\\"id\\\": \\\"743a772c-8547-4055-bf5b-077fbcd63e38\\\"}, {\\\"type\\\": \\\"do_list\\\", \\\"value\\\": {\\\"heading_level\\\": 3, \\\"label\\\": \\\"Do list block\\\", \\\"do\\\": [\\\"<p>Do One</p>\\\", \\\"<p>Do two</p>\\\"]}, \\\"id\\\": \\\"540f7b1c-3fe9-4d67-9922-0e6877bf04c2\\\"}, {\\\"type\\\": \\\"dont_list\\\", \\\"value\\\": {\\\"heading_level\\\": 3, \\\"label\\\": \\\"Dont list block\\\", \\\"dont\\\": [\\\"<p>Dont one</p>\\\", \\\"<p>Dont two</p>\\\"]}, \\\"id\\\": \\\"e9917ac2-fb2c-497d-8da2-08d6ea082818\\\"}, {\\\"type\\\": \\\"inset_text\\\", \\\"value\\\": {\\\"body\\\": \\\"<p>Inset text block</p>\\\"}, \\\"id\\\": \\\"7d784af4-6434-44ed-aeea-f64b77a5ca29\\\"}, {\\\"type\\\": \\\"image\\\", \\\"value\\\": {\\\"content_image\\\": 1, \\\"alt_text\\\": \\\"Image alt\\\", \\\"caption\\\": \\\"Image block\\\"}, \\\"id\\\": \\\"ebe10dad-6a61-40fa-b3f7-d9f4586364d9\\\"}, {\\\"type\\\": \\\"panel\\\", \\\"value\\\": {\\\"label\\\": \\\"Panel block\\\", \\\"heading_level\\\": 3, \\\"body\\\": \\\"<p>Panel block content</p>\\\"}, \\\"id\\\": \\\"2c4aa476-bca4-40b8-bb0f-d3e9a25ec94b\\\"}, {\\\"type\\\": \\\"panel_list\\\", \\\"value\\\": {\\\"panels\\\": [{\\\"left_panel\\\": {\\\"label\\\": \\\"Panel list block - left side\\\", \\\"heading_level\\\": 3, \\\"body\\\": \\\"<p>Panel list block left side content</p>\\\"}, \\\"right_panel\\\": {\\\"label\\\": \\\"Panel list block - right side\\\", \\\"heading_level\\\": 3, \\\"body\\\": \\\"<p>Panel list block right side content</p>\\\"}}]}, \\\"id\\\": \\\"4def2e4b-4012-4699-a31f-f9cdf76e7d86\\\"}, {\\\"type\\\": \\\"grey_panel\\\", \\\"value\\\": {\\\"label\\\": \\\"Grey panel block\\\", \\\"heading_level\\\": 3, \\\"body\\\": \\\"<p>Grey panel block content</p>\\\"}, \\\"id\\\": \\\"f5ed08b3-402a-4e46-a5bc-13da188f3d6e\\\"}, {\\\"type\\\": \\\"warning_callout\\\", \\\"value\\\": {\\\"title\\\": \\\"Warning callout block\\\", \\\"heading_level\\\": 3, \\\"body\\\": \\\"<p>Warning callout block content</p>\\\"}, \\\"id\\\": \\\"4b95c6cd-550b-45a6-91e8-f90556de28b4\\\"}, {\\\"type\\\": \\\"summary_list\\\", \\\"value\\\": {\\\"rows\\\": [{\\\"key\\\": \\\"Summary key\\\", \\\"value\\\": \\\"<p>Summary value</p>\\\"}, {\\\"key\\\": \\\"Summary key\\\", \\\"value\\\": \\\"<p>Summary value</p>\\\"}], \\\"no_border\\\": false}, \\\"id\\\": \\\"e0ff37c8-9ca3-4b90-8525-cc5cfda58454\\\"}, {\\\"type\\\": \\\"promo\\\", \\\"value\\\": {\\\"url\\\": \\\"http://www.example.com\\\", \\\"heading\\\": \\\"Promo\\\", \\\"description\\\": \\\"Promo block with image\\\", \\\"content_image\\\": 1, \\\"alt_text\\\": \\\"Promo alt text\\\", \\\"size\\\": \\\"\\\", \\\"heading_level\\\": 3}, \\\"id\\\": \\\"de35eaea-6e7d-4f65-bb43-ccb3aa9dad72\\\"}, {\\\"type\\\": \\\"html\\\", \\\"value\\\": \\\"<script>\\\\r\\\\nvar key=\\\\\\\"value\\\\\\\";\\\\r\\\\n</script>\\\", \\\"id\\\": \\\"70e71bbd-8c10-47bf-964d-f6ef1309f416\\\"}, {\\\"type\\\": \\\"text\\\", \\\"value\\\": \\\"<p></p><hr/><p>The flowing blocks are blocks that contain other blocks</p>\\\", \\\"id\\\": \\\"1a7478db-62d9-4aee-b5f4-a00143038625\\\"}, {\\\"type\\\": \\\"details\\\", \\\"value\\\": {\\\"title\\\": \\\"Details block with rich text\\\", \\\"body\\\": [{\\\"type\\\": \\\"richtext\\\", \\\"value\\\": \\\"<p>Example rich text</p>\\\", \\\"id\\\": \\\"d956c2e7-4005-49d6-968e-a4a2e983e715\\\"}]}, \\\"id\\\": \\\"d0b15918-dc60-42c8-b96a-d101a7da5c21\\\"}, {\\\"type\\\": \\\"expander\\\", \\\"value\\\": {\\\"title\\\": \\\"Expander block with rich text\\\", \\\"body\\\": [{\\\"type\\\": \\\"richtext\\\", \\\"value\\\": \\\"<p>Example expander block content</p>\\\", \\\"id\\\": \\\"38a98b26-33bb-475d-bbd9-ad41e7adff7a\\\"}, {\\\"type\\\": \\\"richtext\\\", \\\"value\\\": \\\"<p>Example expander block content</p>\\\", \\\"id\\\": \\\"974daf4a-c811-43db-a158-fa434dfe563d\\\"}]}, \\\"id\\\": \\\"a1555202-3034-4a43-aeea-7e6fce38953a\\\"}, {\\\"type\\\": \\\"expander_group\\\", \\\"value\\\": {\\\"expanders\\\": [{\\\"title\\\": \\\"Expander group block with rich text\\\", \\\"body\\\": [{\\\"type\\\": \\\"richtext\\\", \\\"value\\\": \\\"<p>Example expander group block content</p>\\\", \\\"id\\\": \\\"2e5c6b9e-87ea-4188-ae57-19e0bafbcf27\\\"}, {\\\"type\\\": \\\"action_link\\\", \\\"value\\\": {\\\"text\\\": \\\"Example expander group block action link, opens a new window\\\", \\\"external_url\\\": \\\"http://www.example.com\\\", \\\"new_window\\\": true}, \\\"id\\\": \\\"c3b0a4e6-6fcc-45c7-afdf-77218cd8afc8\\\"}]}]}, \\\"id\\\": \\\"3f8844df-952b-43f9-805c-60d724487978\\\"}]\", \"wp_id\": 0, \"parent\": null, \"source\": \"root\", \"wp_template\": null, \"wp_slug\": \"base-page\", \"real_parent\": null, \"wp_link\": \"\", \"raw_content\": \"\", \"model_fields\": \"\", \"content_fields\": \"\", \"content_field_blocks\": \"\", \"component_fields\": \"\", \"author\": \"\"}",
    "approved_go_live_at": null
  }
},
{
  "model": "wagtailcore.pagerevision",
  "pk": 37,
  "fields": {
    "page": 3,
    "submitted_for_moderation": false,
    "created_at": "2021-02-05T09:52:16.780Z",
    "user": [
      "admin"
    ],
    "content_json": "{\"pk\": 3, \"path\": \"00010001\", \"depth\": 2, \"numchild\": 6, \"title\": \"Home\", \"draft_title\": \"Home\", \"slug\": \"home\", \"content_type\": 4, \"live\": true, \"has_unpublished_changes\": false, \"url_path\": \"/home/\", \"owner\": null, \"seo_title\": \"\", \"show_in_menus\": false, \"search_description\": \"\", \"go_live_at\": null, \"expire_at\": null, \"expired\": false, \"locked\": false, \"locked_at\": null, \"locked_by\": null, \"first_published_at\": \"2021-02-04T13:53:16.604Z\", \"last_published_at\": \"2021-02-04T18:01:25.478Z\", \"latest_revision_created_at\": \"2021-02-04T18:01:25.457Z\", \"live_revision\": 31, \"hero_text\": \"Hero text content\", \"hero_heading\": \"Hero Heading\", \"hero_image\": 2, \"body\": \"[{\\\"type\\\": \\\"promo_group\\\", \\\"value\\\": {\\\"column\\\": \\\"one-half\\\", \\\"size\\\": \\\"\\\", \\\"heading_level\\\": 3, \\\"promos\\\": [{\\\"url\\\": \\\"http://www.example.com\\\", \\\"heading\\\": \\\"Promo One Heading\\\", \\\"description\\\": \\\"Promo one content\\\", \\\"content_image\\\": null, \\\"alt_text\\\": \\\"\\\"}, {\\\"url\\\": \\\"http://www.example.com\\\", \\\"heading\\\": \\\"Promo Two Heading\\\", \\\"description\\\": \\\"Promo two content has an image\\\", \\\"content_image\\\": 2, \\\"alt_text\\\": \\\"promo two alt text\\\"}]}, \\\"id\\\": \\\"648916d9-0507-4db9-b4e6-94211cd921fe\\\"}, {\\\"type\\\": \\\"text\\\", \\\"value\\\": \\\"<p>We cant test blocks that should lead to a wagtail page until the wagtail-nhs-frontend package is updated</p><p><a id=\\\\\\\"13\\\\\\\" linktype=\\\\\\\"page\\\\\\\">Publications</a></p><p><a id=\\\\\\\"8\\\\\\\" linktype=\\\\\\\"page\\\\\\\">Atlas Case Studies</a></p><p><a id=\\\\\\\"4\\\\\\\" linktype=\\\\\\\"page\\\\\\\">Blogs</a></p><p><a id=\\\\\\\"10\\\\\\\" linktype=\\\\\\\"page\\\\\\\">News (posts)</a></p><p><a id=\\\\\\\"17\\\\\\\" linktype=\\\\\\\"page\\\\\\\">Base Page (test this for all block types)</a></p>\\\", \\\"id\\\": \\\"9e13d127-cce8-45ba-b5cb-aa0a101bf08e\\\"}, {\\\"type\\\": \\\"warning_callout\\\", \\\"value\\\": {\\\"title\\\": \\\"Callout title?\\\", \\\"heading_level\\\": 3, \\\"body\\\": \\\"<p>Callout content</p><p><a id=\\\\\\\"3\\\\\\\" linktype=\\\\\\\"page\\\\\\\">Callout Link</a></p>\\\"}, \\\"id\\\": \\\"b77dcb0a-4e82-4df6-bf33-f3f99155f342\\\"}]\"}",
    "approved_go_live_at": null
  }
},
{
  "model": "wagtailcore.pagerevision",
  "pk": 38,
  "fields": {
    "page": 14,
    "submitted_for_moderation": false,
    "created_at": "2021-02-05T09:55:00.076Z",
    "user": [
      "admin"
    ],
    "content_json": "{\"pk\": 14, \"path\": \"0001000100040001\", \"depth\": 4, \"numchild\": 0, \"title\": \"Publication One\", \"draft_title\": \"Publication One\", \"slug\": \"publication-one\", \"content_type\": 23, \"live\": true, \"has_unpublished_changes\": false, \"url_path\": \"/home/publications-index-page/publication-one/\", \"owner\": 1, \"seo_title\": \"\", \"show_in_menus\": false, \"search_description\": \"\", \"go_live_at\": null, \"expire_at\": null, \"expired\": false, \"locked\": false, \"locked_at\": null, \"locked_by\": null, \"first_published_at\": \"2021-02-04T17:49:10.802Z\", \"last_published_at\": \"2021-02-04T17:49:10.802Z\", \"latest_revision_created_at\": \"2021-02-04T17:49:10.774Z\", \"live_revision\": 20, \"body\": \"<p>Publication one content</p>\", \"documents\": \"[{\\\"type\\\": \\\"document_group\\\", \\\"value\\\": [{\\\"type\\\": \\\"document\\\", \\\"value\\\": {\\\"title\\\": \\\"<p>Document Title</p>\\\", \\\"document\\\": 1, \\\"summary\\\": \\\"<p>Document Summary</p>\\\"}, \\\"id\\\": \\\"f23e858b-2ae6-4232-921a-4d347bfb3125\\\"}], \\\"id\\\": \\\"28f8d4eb-a922-4686-82da-a25cbee489db\\\"}]\", \"wp_id\": 0, \"source\": \"root\", \"wp_slug\": \"\", \"wp_link\": \"\", \"component_fields\": \"\", \"author\": \"\", \"publication_publication_type_relationship\": [{\"pk\": 1, \"publication\": 14, \"publication_type\": 1}], \"publication_category_relationship\": [{\"pk\": 1, \"publication\": 14, \"category\": 1}]}",
    "approved_go_live_at": null
  }
},
{
  "model": "wagtailcore.pagerevision",
  "pk": 39,
  "fields": {
    "page": 15,
    "submitted_for_moderation": false,
    "created_at": "2021-02-05T09:56:46.303Z",
    "user": [
      "admin"
    ],
    "content_json": "{\"pk\": 15, \"path\": \"0001000100040002\", \"depth\": 4, \"numchild\": 0, \"title\": \"Publication Two\", \"draft_title\": \"Publication Two\", \"slug\": \"publication-two\", \"content_type\": 23, \"live\": true, \"has_unpublished_changes\": false, \"url_path\": \"/home/publications-index-page/publication-two/\", \"owner\": 1, \"seo_title\": \"\", \"show_in_menus\": false, \"search_description\": \"\", \"go_live_at\": null, \"expire_at\": null, \"expired\": false, \"locked\": false, \"locked_at\": null, \"locked_by\": null, \"first_published_at\": \"2021-02-04T17:49:52.030Z\", \"last_published_at\": \"2021-02-04T17:49:52.030Z\", \"latest_revision_created_at\": \"2021-02-04T17:49:52.007Z\", \"live_revision\": 21, \"body\": \"<p>Publication two content</p>\", \"documents\": \"[{\\\"type\\\": \\\"document_group\\\", \\\"value\\\": [{\\\"type\\\": \\\"document_link\\\", \\\"value\\\": {\\\"title\\\": \\\"<p>A Document With A Link To A Page</p>\\\", \\\"external_url\\\": \\\"\\\", \\\"page\\\": 9, \\\"summary\\\": \\\"\\\"}, \\\"id\\\": \\\"4aa4218d-a5df-4f3f-8880-d6e34651d297\\\"}], \\\"id\\\": \\\"32f28605-6db3-4edd-bf99-7a53574b0557\\\"}]\", \"wp_id\": 0, \"source\": \"root\", \"wp_slug\": \"\", \"wp_link\": \"\", \"component_fields\": \"\", \"author\": \"\", \"publication_publication_type_relationship\": [{\"pk\": 2, \"publication\": 15, \"publication_type\": 2}], \"publication_category_relationship\": [{\"pk\": 2, \"publication\": 15, \"category\": 2}]}",
    "approved_go_live_at": null
  }
},
{
  "model": "wagtailcore.pagerevision",
  "pk": 40,
  "fields": {
    "page": 3,
    "submitted_for_moderation": false,
    "created_at": "2021-02-05T10:35:23.835Z",
    "user": [
      "admin"
    ],
    "content_json": "{\"pk\": 3, \"path\": \"00010001\", \"depth\": 2, \"numchild\": 6, \"title\": \"Home\", \"draft_title\": \"Home\", \"slug\": \"home\", \"content_type\": 4, \"live\": true, \"has_unpublished_changes\": false, \"url_path\": \"/home/\", \"owner\": null, \"seo_title\": \"\", \"show_in_menus\": false, \"search_description\": \"\", \"go_live_at\": null, \"expire_at\": null, \"expired\": false, \"locked\": false, \"locked_at\": null, \"locked_by\": null, \"first_published_at\": \"2021-02-04T13:53:16.604Z\", \"last_published_at\": \"2021-02-05T09:52:16.804Z\", \"latest_revision_created_at\": \"2021-02-05T09:52:16.780Z\", \"live_revision\": 37, \"hero_text\": \"Hero text content\", \"hero_heading\": \"Hero Heading\", \"hero_image\": 2, \"body\": \"[{\\\"type\\\": \\\"promo_group\\\", \\\"value\\\": {\\\"column\\\": \\\"one-half\\\", \\\"size\\\": \\\"\\\", \\\"heading_level\\\": 3, \\\"promos\\\": [{\\\"url\\\": \\\"http://www.example.com\\\", \\\"heading\\\": \\\"Promo One Heading\\\", \\\"description\\\": \\\"Promo one content\\\", \\\"content_image\\\": null, \\\"alt_text\\\": \\\"\\\"}, {\\\"url\\\": \\\"http://www.example.com\\\", \\\"heading\\\": \\\"Promo Two Heading\\\", \\\"description\\\": \\\"Promo two content has an image\\\", \\\"content_image\\\": 2, \\\"alt_text\\\": \\\"promo two alt text\\\"}]}, \\\"id\\\": \\\"648916d9-0507-4db9-b4e6-94211cd921fe\\\"}, {\\\"type\\\": \\\"text\\\", \\\"value\\\": \\\"<p>We cant test blocks that should lead to a wagtail page until the wagtail-nhs-frontend package is updated</p><p><a id=\\\\\\\"13\\\\\\\" linktype=\\\\\\\"page\\\\\\\">Publications</a></p><p><a id=\\\\\\\"8\\\\\\\" linktype=\\\\\\\"page\\\\\\\">Atlas Case Studies</a></p><p><a id=\\\\\\\"4\\\\\\\" linktype=\\\\\\\"page\\\\\\\">Blogs</a></p><p><a id=\\\\\\\"10\\\\\\\" linktype=\\\\\\\"page\\\\\\\">News (posts)</a></p><p><a id=\\\\\\\"17\\\\\\\" linktype=\\\\\\\"page\\\\\\\">Base Page (test this for all block types)</a></p><p><a id=\\\\\\\"16\\\\\\\" linktype=\\\\\\\"page\\\\\\\">Component Page</a></p>\\\", \\\"id\\\": \\\"9e13d127-cce8-45ba-b5cb-aa0a101bf08e\\\"}, {\\\"type\\\": \\\"warning_callout\\\", \\\"value\\\": {\\\"title\\\": \\\"Callout title?\\\", \\\"heading_level\\\": 3, \\\"body\\\": \\\"<p>Callout content</p><p><a id=\\\\\\\"3\\\\\\\" linktype=\\\\\\\"page\\\\\\\">Callout Link</a></p>\\\"}, \\\"id\\\": \\\"b77dcb0a-4e82-4df6-bf33-f3f99155f342\\\"}]\"}",
    "approved_go_live_at": null
  }
},
{
  "model": "wagtailcore.pagerevision",
  "pk": 41,
  "fields": {
    "page": 17,
    "submitted_for_moderation": false,
    "created_at": "2021-02-08T09:55:30.797Z",
    "user": [
      "admin"
    ],
    "content_json": "{\"pk\": 17, \"path\": \"000100010006\", \"depth\": 3, \"numchild\": 0, \"title\": \"Base Page\", \"draft_title\": \"Base Page\", \"slug\": \"base-page\", \"content_type\": 19, \"live\": true, \"has_unpublished_changes\": false, \"url_path\": \"/home/base-page/\", \"owner\": 1, \"seo_title\": \"\", \"show_in_menus\": false, \"search_description\": \"\", \"go_live_at\": null, \"expire_at\": null, \"expired\": false, \"locked\": false, \"locked_at\": null, \"locked_by\": null, \"first_published_at\": \"2021-02-04T18:00:07.699Z\", \"last_published_at\": \"2021-02-04T21:48:18.297Z\", \"latest_revision_created_at\": \"2021-02-04T21:48:18.268Z\", \"live_revision\": 36, \"md_owner\": \"\", \"md_description\": \"\", \"md_gateway_ref\": \"\", \"md_pcc_reference\": \"\", \"excerpt\": \"\", \"body\": \"[{\\\"type\\\": \\\"text\\\", \\\"value\\\": \\\"<p>Test this page for every possible block type</p><p>First block types are simple blocks e.g. they are not groups of blocks</p>\\\", \\\"id\\\": \\\"8654000b-5337-43e4-9692-7c28aeb80ca4\\\"}, {\\\"type\\\": \\\"action_link\\\", \\\"value\\\": {\\\"text\\\": \\\"Example Link\\\", \\\"external_url\\\": \\\"http://www.example.com\\\", \\\"new_window\\\": false}, \\\"id\\\": \\\"9f33448f-350a-4c42-98ef-47c67167a449\\\"}, {\\\"type\\\": \\\"action_link\\\", \\\"value\\\": {\\\"text\\\": \\\"Example Link New Window\\\", \\\"external_url\\\": \\\"http://www.example.com\\\", \\\"new_window\\\": true}, \\\"id\\\": \\\"743a772c-8547-4055-bf5b-077fbcd63e38\\\"}, {\\\"type\\\": \\\"do_list\\\", \\\"value\\\": {\\\"heading_level\\\": 3, \\\"label\\\": \\\"Do list block\\\", \\\"do\\\": [\\\"<p>Do One</p>\\\", \\\"<p>Do two</p>\\\"]}, \\\"id\\\": \\\"540f7b1c-3fe9-4d67-9922-0e6877bf04c2\\\"}, {\\\"type\\\": \\\"dont_list\\\", \\\"value\\\": {\\\"heading_level\\\": 3, \\\"label\\\": \\\"Dont list block\\\", \\\"dont\\\": [\\\"<p>Dont one</p>\\\", \\\"<p>Dont two</p>\\\"]}, \\\"id\\\": \\\"e9917ac2-fb2c-497d-8da2-08d6ea082818\\\"}, {\\\"type\\\": \\\"inset_text\\\", \\\"value\\\": {\\\"body\\\": \\\"<p>Inset text block</p>\\\"}, \\\"id\\\": \\\"7d784af4-6434-44ed-aeea-f64b77a5ca29\\\"}, {\\\"type\\\": \\\"image\\\", \\\"value\\\": {\\\"content_image\\\": 2, \\\"alt_text\\\": \\\"Image alt\\\", \\\"caption\\\": \\\"Image block\\\"}, \\\"id\\\": \\\"ebe10dad-6a61-40fa-b3f7-d9f4586364d9\\\"}, {\\\"type\\\": \\\"panel\\\", \\\"value\\\": {\\\"label\\\": \\\"Panel block\\\", \\\"heading_level\\\": 3, \\\"body\\\": \\\"<p>Panel block content</p>\\\"}, \\\"id\\\": \\\"2c4aa476-bca4-40b8-bb0f-d3e9a25ec94b\\\"}, {\\\"type\\\": \\\"panel_list\\\", \\\"value\\\": {\\\"panels\\\": [{\\\"left_panel\\\": {\\\"label\\\": \\\"Panel list block - left side\\\", \\\"heading_level\\\": 3, \\\"body\\\": \\\"<p>Panel list block left side content</p>\\\"}, \\\"right_panel\\\": {\\\"label\\\": \\\"Panel list block - right side\\\", \\\"heading_level\\\": 3, \\\"body\\\": \\\"<p>Panel list block right side content</p>\\\"}}]}, \\\"id\\\": \\\"4def2e4b-4012-4699-a31f-f9cdf76e7d86\\\"}, {\\\"type\\\": \\\"grey_panel\\\", \\\"value\\\": {\\\"label\\\": \\\"Grey panel block\\\", \\\"heading_level\\\": 3, \\\"body\\\": \\\"<p>Grey panel block content</p>\\\"}, \\\"id\\\": \\\"f5ed08b3-402a-4e46-a5bc-13da188f3d6e\\\"}, {\\\"type\\\": \\\"warning_callout\\\", \\\"value\\\": {\\\"title\\\": \\\"Warning callout block\\\", \\\"heading_level\\\": 3, \\\"body\\\": \\\"<p>Warning callout block content</p>\\\"}, \\\"id\\\": \\\"4b95c6cd-550b-45a6-91e8-f90556de28b4\\\"}, {\\\"type\\\": \\\"summary_list\\\", \\\"value\\\": {\\\"rows\\\": [{\\\"key\\\": \\\"Summary key\\\", \\\"value\\\": \\\"<p>Summary value</p>\\\"}, {\\\"key\\\": \\\"Summary key\\\", \\\"value\\\": \\\"<p>Summary value</p>\\\"}], \\\"no_border\\\": false}, \\\"id\\\": \\\"e0ff37c8-9ca3-4b90-8525-cc5cfda58454\\\"}, {\\\"type\\\": \\\"promo\\\", \\\"value\\\": {\\\"url\\\": \\\"http://www.example.com\\\", \\\"heading\\\": \\\"Promo\\\", \\\"description\\\": \\\"Promo block with image\\\", \\\"content_image\\\": null, \\\"alt_text\\\": \\\"Promo alt text\\\", \\\"size\\\": \\\"\\\", \\\"heading_level\\\": 3}, \\\"id\\\": \\\"de35eaea-6e7d-4f65-bb43-ccb3aa9dad72\\\"}, {\\\"type\\\": \\\"html\\\", \\\"value\\\": \\\"<script>\\\\r\\\\nvar key=\\\\\\\"value\\\\\\\";\\\\r\\\\n</script>\\\", \\\"id\\\": \\\"70e71bbd-8c10-47bf-964d-f6ef1309f416\\\"}, {\\\"type\\\": \\\"text\\\", \\\"value\\\": \\\"<p></p><hr/><p>The flowing blocks are blocks that contain other blocks</p>\\\", \\\"id\\\": \\\"1a7478db-62d9-4aee-b5f4-a00143038625\\\"}, {\\\"type\\\": \\\"details\\\", \\\"value\\\": {\\\"title\\\": \\\"Details block with rich text\\\", \\\"body\\\": [{\\\"type\\\": \\\"richtext\\\", \\\"value\\\": \\\"<p>Example rich text</p>\\\", \\\"id\\\": \\\"d956c2e7-4005-49d6-968e-a4a2e983e715\\\"}]}, \\\"id\\\": \\\"d0b15918-dc60-42c8-b96a-d101a7da5c21\\\"}, {\\\"type\\\": \\\"expander\\\", \\\"value\\\": {\\\"title\\\": \\\"Expander block with rich text\\\", \\\"body\\\": [{\\\"type\\\": \\\"richtext\\\", \\\"value\\\": \\\"<p>Example expander block content</p>\\\", \\\"id\\\": \\\"38a98b26-33bb-475d-bbd9-ad41e7adff7a\\\"}, {\\\"type\\\": \\\"richtext\\\", \\\"value\\\": \\\"<p>Example expander block content</p>\\\", \\\"id\\\": \\\"974daf4a-c811-43db-a158-fa434dfe563d\\\"}]}, \\\"id\\\": \\\"a1555202-3034-4a43-aeea-7e6fce38953a\\\"}, {\\\"type\\\": \\\"expander_group\\\", \\\"value\\\": {\\\"expanders\\\": [{\\\"title\\\": \\\"Expander group block with rich text\\\", \\\"body\\\": [{\\\"type\\\": \\\"richtext\\\", \\\"value\\\": \\\"<p>Example expander group block content</p>\\\", \\\"id\\\": \\\"2e5c6b9e-87ea-4188-ae57-19e0bafbcf27\\\"}, {\\\"type\\\": \\\"action_link\\\", \\\"value\\\": {\\\"text\\\": \\\"Example expander group block action link, opens a new window\\\", \\\"external_url\\\": \\\"http://www.example.com\\\", \\\"new_window\\\": true}, \\\"id\\\": \\\"c3b0a4e6-6fcc-45c7-afdf-77218cd8afc8\\\"}]}]}, \\\"id\\\": \\\"3f8844df-952b-43f9-805c-60d724487978\\\"}]\", \"wp_id\": 0, \"parent\": null, \"source\": \"root\", \"wp_template\": null, \"wp_slug\": \"base-page\", \"real_parent\": null, \"wp_link\": \"\", \"raw_content\": \"\", \"model_fields\": \"\", \"content_fields\": \"\", \"content_field_blocks\": \"\", \"component_fields\": \"\", \"author\": \"\"}",
    "approved_go_live_at": null
  }
},
{
  "model": "wagtailcore.page",
  "pk": 1,
  "fields": {
    "path": "0001",
    "depth": 1,
    "numchild": 1,
    "title": "Root",
    "draft_title": "Root",
    "slug": "root",
    "content_type": [
      "wagtailcore",
      "page"
    ],
    "live": true,
    "has_unpublished_changes": false,
    "url_path": "/",
    "owner": null,
    "seo_title": "",
    "show_in_menus": false,
    "search_description": "",
    "go_live_at": null,
    "expire_at": null,
    "expired": false,
    "locked": false,
    "locked_at": null,
    "locked_by": null,
    "first_published_at": null,
    "last_published_at": null,
    "latest_revision_created_at": null,
    "live_revision": null
  }
},
{
  "model": "wagtailcore.page",
  "pk": 3,
  "fields": {
    "path": "00010001",
    "depth": 2,
    "numchild": 6,
    "title": "Home",
    "draft_title": "Home",
    "slug": "home",
    "content_type": [
      "home",
      "homepage"
    ],
    "live": true,
    "has_unpublished_changes": false,
    "url_path": "/home/",
    "owner": null,
    "seo_title": "",
    "show_in_menus": false,
    "search_description": "",
    "go_live_at": null,
    "expire_at": null,
    "expired": false,
    "locked": false,
    "locked_at": null,
    "locked_by": null,
    "first_published_at": "2021-02-04T13:53:16.604Z",
    "last_published_at": "2021-02-05T10:35:23.859Z",
    "latest_revision_created_at": "2021-02-05T10:35:23.835Z",
    "live_revision": 40
  }
},
{
  "model": "wagtailcore.page",
  "pk": 4,
  "fields": {
    "path": "000100010001",
    "depth": 3,
    "numchild": 2,
    "title": "Blog Index Page",
    "draft_title": "Blog Index Page",
    "slug": "blog-index-page",
    "content_type": [
      "blogs",
      "blogindexpage"
    ],
    "live": true,
    "has_unpublished_changes": false,
    "url_path": "/home/blog-index-page/",
    "owner": [
      "admin"
    ],
    "seo_title": "",
    "show_in_menus": false,
    "search_description": "",
    "go_live_at": null,
    "expire_at": null,
    "expired": false,
    "locked": false,
    "locked_at": null,
    "locked_by": null,
    "first_published_at": "2021-02-04T17:23:11.002Z",
    "last_published_at": "2021-02-04T17:23:11.002Z",
    "latest_revision_created_at": "2021-02-04T17:23:10.962Z",
    "live_revision": 6
  }
},
{
  "model": "wagtailcore.page",
  "pk": 5,
  "fields": {
    "path": "0001000100010001",
    "depth": 4,
    "numchild": 0,
    "title": "Blog Post One",
    "draft_title": "Blog Post One",
    "slug": "blog-post-one",
    "content_type": [
      "blogs",
      "blog"
    ],
    "live": true,
    "has_unpublished_changes": false,
    "url_path": "/home/blog-index-page/blog-post-one/",
    "owner": [
      "admin"
    ],
    "seo_title": "",
    "show_in_menus": false,
    "search_description": "",
    "go_live_at": null,
    "expire_at": null,
    "expired": false,
    "locked": false,
    "locked_at": null,
    "locked_by": null,
    "first_published_at": "2021-02-04T17:25:17.986Z",
    "last_published_at": "2021-02-04T17:26:07.194Z",
    "latest_revision_created_at": "2021-02-04T17:26:07.168Z",
    "live_revision": 8
  }
},
{
  "model": "wagtailcore.page",
  "pk": 6,
  "fields": {
    "path": "0001000100010002",
    "depth": 4,
    "numchild": 0,
    "title": "Blog Post Two",
    "draft_title": "Blog Post Two",
    "slug": "blog-post-two",
    "content_type": [
      "blogs",
      "blog"
    ],
    "live": true,
    "has_unpublished_changes": false,
    "url_path": "/home/blog-index-page/blog-post-two/",
    "owner": [
      "admin"
    ],
    "seo_title": "",
    "show_in_menus": false,
    "search_description": "",
    "go_live_at": null,
    "expire_at": null,
    "expired": false,
    "locked": false,
    "locked_at": null,
    "locked_by": null,
    "first_published_at": "2021-02-04T17:26:56.432Z",
    "last_published_at": "2021-02-04T17:26:56.432Z",
    "latest_revision_created_at": "2021-02-04T17:26:56.396Z",
    "live_revision": 9
  }
},
{
  "model": "wagtailcore.page",
  "pk": 8,
  "fields": {
    "path": "000100010002",
    "depth": 3,
    "numchild": 1,
    "title": "Atlas Case Studies Index Page",
    "draft_title": "Atlas Case Studies Index Page",
    "slug": "atlas-case-studies-index-page",
    "content_type": [
      "atlascasestudies",
      "atlascasestudyindexpage"
    ],
    "live": true,
    "has_unpublished_changes": false,
    "url_path": "/home/atlas-case-studies-index-page/",
    "owner": [
      "admin"
    ],
    "seo_title": "",
    "show_in_menus": false,
    "search_description": "",
    "go_live_at": null,
    "expire_at": null,
    "expired": false,
    "locked": false,
    "locked_at": null,
    "locked_by": null,
    "first_published_at": "2021-02-04T17:31:45.877Z",
    "last_published_at": "2021-02-04T17:31:45.877Z",
    "latest_revision_created_at": "2021-02-04T17:31:45.854Z",
    "live_revision": 12
  }
},
{
  "model": "wagtailcore.page",
  "pk": 9,
  "fields": {
    "path": "0001000100020001",
    "depth": 4,
    "numchild": 0,
    "title": "Atlas Case Study One",
    "draft_title": "Atlas Case Study One",
    "slug": "atlas-case-study-one",
    "content_type": [
      "atlascasestudies",
      "atlascasestudy"
    ],
    "live": true,
    "has_unpublished_changes": false,
    "url_path": "/home/atlas-case-studies-index-page/atlas-case-study-one/",
    "owner": [
      "admin"
    ],
    "seo_title": "",
    "show_in_menus": false,
    "search_description": "",
    "go_live_at": null,
    "expire_at": null,
    "expired": false,
    "locked": false,
    "locked_at": null,
    "locked_by": null,
    "first_published_at": "2021-02-04T17:32:41.975Z",
    "last_published_at": "2021-02-04T17:40:16.735Z",
    "latest_revision_created_at": "2021-02-04T17:40:16.702Z",
    "live_revision": 14
  }
},
{
  "model": "wagtailcore.page",
  "pk": 10,
  "fields": {
    "path": "000100010003",
    "depth": 3,
    "numchild": 2,
    "title": "Post Index Page",
    "draft_title": "Post Index Page",
    "slug": "post-index-page",
    "content_type": [
      "posts",
      "postindexpage"
    ],
    "live": true,
    "has_unpublished_changes": false,
    "url_path": "/home/post-index-page/",
    "owner": [
      "admin"
    ],
    "seo_title": "",
    "show_in_menus": false,
    "search_description": "",
    "go_live_at": null,
    "expire_at": null,
    "expired": false,
    "locked": false,
    "locked_at": null,
    "locked_by": null,
    "first_published_at": "2021-02-04T17:43:27.947Z",
    "last_published_at": "2021-02-04T17:43:27.947Z",
    "latest_revision_created_at": "2021-02-04T17:43:27.924Z",
    "live_revision": 15
  }
},
{
  "model": "wagtailcore.page",
  "pk": 11,
  "fields": {
    "path": "0001000100030001",
    "depth": 4,
    "numchild": 0,
    "title": "Post One",
    "draft_title": "Post One",
    "slug": "post-one",
    "content_type": [
      "posts",
      "post"
    ],
    "live": true,
    "has_unpublished_changes": false,
    "url_path": "/home/post-index-page/post-one/",
    "owner": [
      "admin"
    ],
    "seo_title": "",
    "show_in_menus": false,
    "search_description": "",
    "go_live_at": null,
    "expire_at": null,
    "expired": false,
    "locked": false,
    "locked_at": null,
    "locked_by": null,
    "first_published_at": "2021-02-04T17:44:09.122Z",
    "last_published_at": "2021-02-04T17:44:09.122Z",
    "latest_revision_created_at": "2021-02-04T17:44:09.098Z",
    "live_revision": 16
  }
},
{
  "model": "wagtailcore.page",
  "pk": 12,
  "fields": {
    "path": "0001000100030002",
    "depth": 4,
    "numchild": 0,
    "title": "Post Two",
    "draft_title": "Post Two",
    "slug": "post-two",
    "content_type": [
      "posts",
      "post"
    ],
    "live": true,
    "has_unpublished_changes": false,
    "url_path": "/home/post-index-page/post-two/",
    "owner": [
      "admin"
    ],
    "seo_title": "",
    "show_in_menus": false,
    "search_description": "",
    "go_live_at": null,
    "expire_at": null,
    "expired": false,
    "locked": false,
    "locked_at": null,
    "locked_by": null,
    "first_published_at": "2021-02-04T17:45:05.260Z",
    "last_published_at": "2021-02-04T17:45:05.260Z",
    "latest_revision_created_at": "2021-02-04T17:45:05.260Z",
    "live_revision": 18
  }
},
{
  "model": "wagtailcore.page",
  "pk": 13,
  "fields": {
    "path": "000100010004",
    "depth": 3,
    "numchild": 2,
    "title": "Publications Index Page",
    "draft_title": "Publications Index Page",
    "slug": "publications-index-page",
    "content_type": [
      "publications",
      "publicationindexpage"
    ],
    "live": true,
    "has_unpublished_changes": false,
    "url_path": "/home/publications-index-page/",
    "owner": [
      "admin"
    ],
    "seo_title": "",
    "show_in_menus": false,
    "search_description": "",
    "go_live_at": null,
    "expire_at": null,
    "expired": false,
    "locked": false,
    "locked_at": null,
    "locked_by": null,
    "first_published_at": "2021-02-04T17:47:09.179Z",
    "last_published_at": "2021-02-04T17:47:09.179Z",
    "latest_revision_created_at": "2021-02-04T17:47:09.156Z",
    "live_revision": 19
  }
},
{
  "model": "wagtailcore.page",
  "pk": 14,
  "fields": {
    "path": "0001000100040001",
    "depth": 4,
    "numchild": 0,
    "title": "Publication One",
    "draft_title": "Publication One",
    "slug": "publication-one",
    "content_type": [
      "publications",
      "publication"
    ],
    "live": true,
    "has_unpublished_changes": false,
    "url_path": "/home/publications-index-page/publication-one/",
    "owner": [
      "admin"
    ],
    "seo_title": "",
    "show_in_menus": false,
    "search_description": "",
    "go_live_at": null,
    "expire_at": null,
    "expired": false,
    "locked": false,
    "locked_at": null,
    "locked_by": null,
    "first_published_at": "2021-02-04T17:49:10.802Z",
    "last_published_at": "2021-02-05T09:55:00.106Z",
    "latest_revision_created_at": "2021-02-05T09:55:00.076Z",
    "live_revision": 38
  }
},
{
  "model": "wagtailcore.page",
  "pk": 15,
  "fields": {
    "path": "0001000100040002",
    "depth": 4,
    "numchild": 0,
    "title": "Publication Two",
    "draft_title": "Publication Two",
    "slug": "publication-two",
    "content_type": [
      "publications",
      "publication"
    ],
    "live": true,
    "has_unpublished_changes": false,
    "url_path": "/home/publications-index-page/publication-two/",
    "owner": [
      "admin"
    ],
    "seo_title": "",
    "show_in_menus": false,
    "search_description": "",
    "go_live_at": null,
    "expire_at": null,
    "expired": false,
    "locked": false,
    "locked_at": null,
    "locked_by": null,
    "first_published_at": "2021-02-04T17:49:52.030Z",
    "last_published_at": "2021-02-05T09:56:46.353Z",
    "latest_revision_created_at": "2021-02-05T09:56:46.303Z",
    "live_revision": 39
  }
},
{
  "model": "wagtailcore.page",
  "pk": 16,
  "fields": {
    "path": "000100010005",
    "depth": 3,
    "numchild": 0,
    "title": "Component Page",
    "draft_title": "Component Page",
    "slug": "component-page",
    "content_type": [
      "pages",
      "componentspage"
    ],
    "live": true,
    "has_unpublished_changes": false,
    "url_path": "/home/component-page/",
    "owner": [
      "admin"
    ],
    "seo_title": "",
    "show_in_menus": false,
    "search_description": "",
    "go_live_at": null,
    "expire_at": null,
    "expired": false,
    "locked": false,
    "locked_at": null,
    "locked_by": null,
    "first_published_at": "2021-02-04T17:57:00.874Z",
    "last_published_at": "2021-02-04T17:58:35.719Z",
    "latest_revision_created_at": "2021-02-04T17:58:35.696Z",
    "live_revision": 28
  }
},
{
  "model": "wagtailcore.page",
  "pk": 17,
  "fields": {
    "path": "000100010006",
    "depth": 3,
    "numchild": 0,
    "title": "Base Page",
    "draft_title": "Base Page",
    "slug": "base-page",
    "content_type": [
      "pages",
      "basepage"
    ],
    "live": true,
    "has_unpublished_changes": false,
    "url_path": "/home/base-page/",
    "owner": [
      "admin"
    ],
    "seo_title": "",
    "show_in_menus": false,
    "search_description": "",
    "go_live_at": null,
    "expire_at": null,
    "expired": false,
    "locked": false,
    "locked_at": null,
    "locked_by": null,
    "first_published_at": "2021-02-04T18:00:07.699Z",
    "last_published_at": "2021-02-08T09:55:30.859Z",
    "latest_revision_created_at": "2021-02-08T09:55:30.797Z",
    "live_revision": 41
  }
},
{
  "model": "wagtailimages.image",
  "pk": 2,
  "fields": {
    "collection": 1,
    "title": "homepage-hero-image.original.jpg",
    "file": "original_images/homepage-hero-image.original.jpg",
    "width": 1450,
    "height": 325,
    "created_at": "2021-02-05T09:51:52.969Z",
    "uploaded_by_user": [
      "admin"
    ],
    "focal_point_x": null,
    "focal_point_y": null,
    "focal_point_width": null,
    "focal_point_height": null,
    "file_size": 54603,
    "file_hash": "e6c1ad3768e27abd367bd085c0e5f46a02d9bbf4"
  }
},
{
  "model": "wagtaildocs.document",
  "pk": 1,
  "fields": {
    "collection": 1,
    "title": "A sample PDF",
    "file": "documents/sample-pdf-file.pdf",
    "created_at": "2021-02-05T09:54:43.427Z",
    "uploaded_by_user": [
      "admin"
    ],
    "file_size": 7760,
    "file_hash": "35023b7b6aaf7c81edbccb66d03ba35e12e6dee7"
  }
},
{
  "model": "atlascasestudies.atlascasestudy",
  "pk": 9,
  "fields": {
    "page_ptr": 9,
    "body": "<p>Atlas case study one content</p>",
    "wp_id": 0,
    "wp_slug": "",
    "wp_link": ""
  }
},
{
  "model": "atlascasestudies.atlascasestudyindexpage",
  "pk": 8,
  "fields": {
    "page_ptr": 8,
    "body": "<p>Atlas case studies Index Page</p>"
  }
},
{
  "model": "publications.publication",
  "pk": 14,
  "fields": {
    "page_ptr": 14,
    "body": "<p>Publication one content</p>",
    "documents": "[{\"type\": \"document_group\", \"value\": [{\"type\": \"document\", \"value\": {\"title\": \"<p>Document Title</p>\", \"document\": 1, \"summary\": \"<p>Document Summary</p>\"}, \"id\": \"f23e858b-2ae6-4232-921a-4d347bfb3125\"}], \"id\": \"28f8d4eb-a922-4686-82da-a25cbee489db\"}]",
    "wp_id": 0,
    "source": "root",
    "wp_slug": "",
    "wp_link": "",
    "component_fields": "",
    "author": ""
  }
},
{
  "model": "publications.publication",
  "pk": 15,
  "fields": {
    "page_ptr": 15,
    "body": "<p>Publication two content</p>",
    "documents": "[{\"type\": \"document_group\", \"value\": [{\"type\": \"document_link\", \"value\": {\"title\": \"<p>A Document With A Link To A Page</p>\", \"external_url\": \"\", \"page\": 9, \"summary\": \"\"}, \"id\": \"4aa4218d-a5df-4f3f-8880-d6e34651d297\"}], \"id\": \"32f28605-6db3-4edd-bf99-7a53574b0557\"}]",
    "wp_id": 0,
    "source": "root",
    "wp_slug": "",
    "wp_link": "",
    "component_fields": "",
    "author": ""
  }
},
{
  "model": "publications.publicationindexpage",
  "pk": 13,
  "fields": {
    "page_ptr": 13,
    "body": "<p>Publications index page content</p>",
    "sub_site_publication_types": 1
  }
},
{
  "model": "pages.componentspage",
  "pk": 16,
  "fields": {
    "page_ptr": 16,
    "md_owner": "",
    "md_description": "",
    "md_gateway_ref": "",
    "md_pcc_reference": "",
    "excerpt": "",
    "body": "[{\"type\": \"recent_posts\", \"value\": {\"title\": \"Recent Posts\", \"type\": [\"post\", \"blog\"], \"num_posts\": 6, \"see_all_posts\": true, \"see_all_blogs\": true}, \"id\": \"5425d99f-d70e-472f-bde1-4ca6784fd13d\"}, {\"type\": \"text\", \"value\": \"<p>Test this page for the Recent Posts panel above</p>\", \"id\": \"ec8bd714-10a6-45a0-88be-0c61a03f2b38\"}]",
    "wp_id": 0,
    "parent": null,
    "source": "rooot",
    "wp_template": null,
    "wp_slug": "component-page",
    "real_parent": null,
    "wp_link": "",
    "raw_content": null,
    "model_fields": "",
    "content_fields": "",
    "content_field_blocks": "",
    "component_fields": "",
    "author": ""
  }
},
{
  "model": "pages.basepage",
  "pk": 17,
  "fields": {
    "page_ptr": 17,
    "md_owner": "",
    "md_description": "",
    "md_gateway_ref": "",
    "md_pcc_reference": "",
    "excerpt": "",
    "body": "[{\"type\": \"text\", \"value\": \"<p>Test this page for every possible block type</p><p>First block types are simple blocks e.g. they are not groups of blocks</p>\", \"id\": \"8654000b-5337-43e4-9692-7c28aeb80ca4\"}, {\"type\": \"action_link\", \"value\": {\"text\": \"Example Link\", \"external_url\": \"http://www.example.com\", \"new_window\": false}, \"id\": \"9f33448f-350a-4c42-98ef-47c67167a449\"}, {\"type\": \"action_link\", \"value\": {\"text\": \"Example Link New Window\", \"external_url\": \"http://www.example.com\", \"new_window\": true}, \"id\": \"743a772c-8547-4055-bf5b-077fbcd63e38\"}, {\"type\": \"do_list\", \"value\": {\"heading_level\": 3, \"label\": \"Do list block\", \"do\": [\"<p>Do One</p>\", \"<p>Do two</p>\"]}, \"id\": \"540f7b1c-3fe9-4d67-9922-0e6877bf04c2\"}, {\"type\": \"dont_list\", \"value\": {\"heading_level\": 3, \"label\": \"Dont list block\", \"dont\": [\"<p>Dont one</p>\", \"<p>Dont two</p>\"]}, \"id\": \"e9917ac2-fb2c-497d-8da2-08d6ea082818\"}, {\"type\": \"inset_text\", \"value\": {\"body\": \"<p>Inset text block</p>\"}, \"id\": \"7d784af4-6434-44ed-aeea-f64b77a5ca29\"}, {\"type\": \"image\", \"value\": {\"content_image\": 2, \"alt_text\": \"Image alt\", \"caption\": \"Image block\"}, \"id\": \"ebe10dad-6a61-40fa-b3f7-d9f4586364d9\"}, {\"type\": \"panel\", \"value\": {\"label\": \"Panel block\", \"heading_level\": 3, \"body\": \"<p>Panel block content</p>\"}, \"id\": \"2c4aa476-bca4-40b8-bb0f-d3e9a25ec94b\"}, {\"type\": \"panel_list\", \"value\": {\"panels\": [{\"left_panel\": {\"label\": \"Panel list block - left side\", \"heading_level\": 3, \"body\": \"<p>Panel list block left side content</p>\"}, \"right_panel\": {\"label\": \"Panel list block - right side\", \"heading_level\": 3, \"body\": \"<p>Panel list block right side content</p>\"}}]}, \"id\": \"4def2e4b-4012-4699-a31f-f9cdf76e7d86\"}, {\"type\": \"grey_panel\", \"value\": {\"label\": \"Grey panel block\", \"heading_level\": 3, \"body\": \"<p>Grey panel block content</p>\"}, \"id\": \"f5ed08b3-402a-4e46-a5bc-13da188f3d6e\"}, {\"type\": \"warning_callout\", \"value\": {\"title\": \"Warning callout block\", \"heading_level\": 3, \"body\": \"<p>Warning callout block content</p>\"}, \"id\": \"4b95c6cd-550b-45a6-91e8-f90556de28b4\"}, {\"type\": \"summary_list\", \"value\": {\"rows\": [{\"key\": \"Summary key\", \"value\": \"<p>Summary value</p>\"}, {\"key\": \"Summary key\", \"value\": \"<p>Summary value</p>\"}], \"no_border\": false}, \"id\": \"e0ff37c8-9ca3-4b90-8525-cc5cfda58454\"}, {\"type\": \"promo\", \"value\": {\"url\": \"http://www.example.com\", \"heading\": \"Promo\", \"description\": \"Promo block with image\", \"content_image\": null, \"alt_text\": \"Promo alt text\", \"size\": \"\", \"heading_level\": 3}, \"id\": \"de35eaea-6e7d-4f65-bb43-ccb3aa9dad72\"}, {\"type\": \"html\", \"value\": \"<script>\\r\\nvar key=\\\"value\\\";\\r\\n</script>\", \"id\": \"70e71bbd-8c10-47bf-964d-f6ef1309f416\"}, {\"type\": \"text\", \"value\": \"<p></p><hr/><p>The flowing blocks are blocks that contain other blocks</p>\", \"id\": \"1a7478db-62d9-4aee-b5f4-a00143038625\"}, {\"type\": \"details\", \"value\": {\"title\": \"Details block with rich text\", \"body\": [{\"type\": \"richtext\", \"value\": \"<p>Example rich text</p>\", \"id\": \"d956c2e7-4005-49d6-968e-a4a2e983e715\"}]}, \"id\": \"d0b15918-dc60-42c8-b96a-d101a7da5c21\"}, {\"type\": \"expander\", \"value\": {\"title\": \"Expander block with rich text\", \"body\": [{\"type\": \"richtext\", \"value\": \"<p>Example expander block content</p>\", \"id\": \"38a98b26-33bb-475d-bbd9-ad41e7adff7a\"}, {\"type\": \"richtext\", \"value\": \"<p>Example expander block content</p>\", \"id\": \"974daf4a-c811-43db-a158-fa434dfe563d\"}]}, \"id\": \"a1555202-3034-4a43-aeea-7e6fce38953a\"}, {\"type\": \"expander_group\", \"value\": {\"expanders\": [{\"title\": \"Expander group block with rich text\", \"body\": [{\"type\": \"richtext\", \"value\": \"<p>Example expander group block content</p>\", \"id\": \"2e5c6b9e-87ea-4188-ae57-19e0bafbcf27\"}, {\"type\": \"action_link\", \"value\": {\"text\": \"Example expander group block action link, opens a new window\", \"external_url\": \"http://www.example.com\", \"new_window\": true}, \"id\": \"c3b0a4e6-6fcc-45c7-afdf-77218cd8afc8\"}]}]}, \"id\": \"3f8844df-952b-43f9-805c-60d724487978\"}]",
    "wp_id": 0,
    "parent": null,
    "source": "root",
    "wp_template": null,
    "wp_slug": "base-page",
    "real_parent": null,
    "wp_link": "",
    "raw_content": "",
    "model_fields": "",
    "content_fields": "",
    "content_field_blocks": "",
    "component_fields": "",
    "author": ""
  }
},
{
  "model": "blogs.blog",
  "pk": 5,
  "fields": {
    "page_ptr": 5,
    "body": "<p>Blog Post Content</p><p>Lorem ipsum dolor sit amet, consectetur adipiscing elit. Vestibulum id ligula porta felis euismod semper. Duis mollis, est non commodo luctus, nisi erat porttitor ligula, eget lacinia odio sem nec elit. Praesent commodo cursus magna, vel scelerisque nisl consectetur et.</p>",
    "wp_id": 0,
    "source": "root",
    "wp_slug": "",
    "wp_link": "",
    "author": ""
  }
},
{
  "model": "blogs.blog",
  "pk": 6,
  "fields": {
    "page_ptr": 6,
    "body": "<p>Blog Post Two</p><p>Lorem ipsum dolor sit amet, consectetur adipiscing elit. Vestibulum id ligula porta felis euismod semper. Duis mollis, est non commodo luctus, nisi erat porttitor ligula, eget lacinia odio sem nec elit. Praesent commodo cursus magna, vel scelerisque nisl consectetur et.</p><p>Lorem ipsum dolor sit amet, consectetur adipiscing elit. Vestibulum id ligula porta felis euismod semper. Duis mollis, est non commodo luctus, nisi erat porttitor ligula, eget lacinia odio sem nec elit. Praesent commodo cursus magna, vel scelerisque nisl consectetur et.</p>",
    "wp_id": 0,
    "source": "root",
    "wp_slug": "",
    "wp_link": "",
    "author": ""
  }
},
{
  "model": "blogs.blogindexpage",
  "pk": 4,
  "fields": {
    "page_ptr": 4,
    "body": "<p>Blog Index Content</p>",
    "sub_site_categories": 1
  }
},
{
  "model": "posts.post",
  "pk": 11,
  "fields": {
    "page_ptr": 11,
    "body": "<p>Post one content</p>",
    "wp_id": 0,
    "source": "root",
    "wp_slug": "",
    "wp_link": "",
    "author": ""
  }
},
{
  "model": "posts.post",
  "pk": 12,
  "fields": {
    "page_ptr": 12,
    "body": "<p>Post one content</p>",
    "wp_id": 0,
    "source": "root",
    "wp_slug": "",
    "wp_link": "",
    "author": ""
  }
},
{
  "model": "posts.postindexpage",
  "pk": 10,
  "fields": {
    "page_ptr": 10,
    "body": "<p>Post index page content</p>",
    "sub_site_categories": 1
  }
},
{
  "model": "home.homepage",
  "pk": 3,
  "fields": {
    "page_ptr": 3,
    "hero_text": "Hero text content",
    "hero_heading": "Hero Heading",
    "hero_image": 2,
    "body": "[{\"type\": \"promo_group\", \"value\": {\"column\": \"one-half\", \"size\": \"\", \"heading_level\": 3, \"promos\": [{\"url\": \"http://www.example.com\", \"heading\": \"Promo One Heading\", \"description\": \"Promo one content\", \"content_image\": null, \"alt_text\": \"\"}, {\"url\": \"http://www.example.com\", \"heading\": \"Promo Two Heading\", \"description\": \"Promo two content has an image\", \"content_image\": 2, \"alt_text\": \"promo two alt text\"}]}, \"id\": \"648916d9-0507-4db9-b4e6-94211cd921fe\"}, {\"type\": \"text\", \"value\": \"<p>We cant test blocks that should lead to a wagtail page until the wagtail-nhs-frontend package is updated</p><p><a id=\\\"13\\\" linktype=\\\"page\\\">Publications</a></p><p><a id=\\\"8\\\" linktype=\\\"page\\\">Atlas Case Studies</a></p><p><a id=\\\"4\\\" linktype=\\\"page\\\">Blogs</a></p><p><a id=\\\"10\\\" linktype=\\\"page\\\">News (posts)</a></p><p><a id=\\\"17\\\" linktype=\\\"page\\\">Base Page (test this for all block types)</a></p><p><a id=\\\"16\\\" linktype=\\\"page\\\">Component Page</a></p>\", \"id\": \"9e13d127-cce8-45ba-b5cb-aa0a101bf08e\"}, {\"type\": \"warning_callout\", \"value\": {\"title\": \"Callout title?\", \"heading_level\": 3, \"body\": \"<p>Callout content</p><p><a id=\\\"3\\\" linktype=\\\"page\\\">Callout Link</a></p>\"}, \"id\": \"b77dcb0a-4e82-4df6-bf33-f3f99155f342\"}]"
  }
}
]
